[
    {
        "Task": "IE_Browser",
        "Action": "Click on HTTP/HTTPS to download the files.   "
    },
    {
        "Task": "SSH_interaction",
        "Action": "Open SSH with some remote server."
    },
    {
        "Task": "Admin_Active_Directory_Windows OS   ",
        "Action": "Check to see that user profile has no permission to delete a user from a group.  "
    },
    {
        "Task": "Admin_Updates",
        "Action": "Remove installed updates.    "
    },
    {
        "Task": "Chat_Client",
        "Action": "Run the downloaded exe.file within the chat window."
    },
    {
        "Task": "Microsoft_Word",
        "Action": "Move a word document from location A to location B on network drive"
    },
    {
        "Task": "Admin_Active_Directory_Windows OS   ",
        "Action": "Create a user in Active directory."
    },
    {
        "Task": "Admin_Active_Directory_Windows OS   ",
        "Action": "Check to see that user profile has permission to access the files within a directory.   "
    },
    {
        "Task": "PowerShell_scripts",
        "Action": "UET client confirms to see the output of each command that is executed in a Command Prompt."
    },
    {
        "Task": "All_Admin_tasks",
        "Action": "Click on the links on web browser."
    },
    {
        "Task": "User_Lock",
        "Action": "Alternatively, Press CTRL+ALT+DEL to LOCK the screen."
    },
    {
        "Task": "Chrome_Browser",
        "Action": "Type in the URL \"www.msn.com\" "
    },
    {
        "Task": "PowerShell_scripts",
        "Action": "UET client creates a batch script (.bat) with a list of several commands using a Notepad++.    "
    },
    {
        "Task": "Shell_commands",
        "Action": "Send an email to notify the administrator after the shell script has been executed"
    },
    {
        "Task": "Microsoft_Word",
        "Action": "Select a paragraph in the word to make it bold  "
    },
    {
        "Task": "IE_Browser",
        "Action": "Type in the URL \"www.target.com\" "
    },
    {
        "Task": "Microsoft_Word",
        "Action": "Open a word document ."
    },
    {
        "Task": "User_Unlock",
        "Action": "Press the ENTER button on the Keyboard"
    },
    {
        "Task": "Scheduled_tasks",
        "Action": "Wait to ensure the task didn't run."
    },
    {
        "Task": "IE_Browser",
        "Action": "Type customised text in the search tab.    "
    },
    {
        "Task": "Video_stream",
        "Action": "Close the video file window"
    },
    {
        "Task": "User_Logout",
        "Action": "Press the SIGNOUT button under the Start Menu.                                                    "
    },
    {
        "Task": "Admin_Active_Directory_Windows OS   ",
        "Action": "Create a new group of multiple users"
    },
    {
        "Task": "Admin_Active_Directory_Windows OS   ",
        "Action": "Add user to specific group and search the group to see if user exists and set a business phone number."
    },
    {
        "Task": "All_Admin_tasks",
        "Action": " Save the files and move it to another 'location B' on windows explorer.  "
    },
    {
        "Task": "Shell_commands",
        "Action": "UET client executes a detailed log of the backup, along with an option to send an abbreviated email summary of the backup to the administrator. "
    },
    {
        "Task": "DHCP_interaction",
        "Action": "Run DHCP client and receive configuration information."
    },
    {
        "Task": "Microsoft_Excel",
        "Action": "Modify the Excel files by typing in some random text."
    },
    {
        "Task": "PDF_Handler",
        "Action": "Create a new PDF file(.pdf) by converting word document into PDF format."
    },
    {
        "Task": "DNS_interaction",
        "Action": "Create an A record for a dummy domain and assign an IP."
    },
    {
        "Task": "User_Login ",
        "Action": "Open the login interface on the VM .                                                                           "
    },
    {
        "Task": "All_Admin_tasks",
        "Action": "Open the Word , Excel, PowerPoint, text and PDF files.  "
    },
    {
        "Task": "Telnet_interaction_Linux",
        "Action": "Disconnect the remote server connection"
    },
    {
        "Task": "Microsoft_Excel",
        "Action": "Select a particular cell and change the fonts."
    },
    {
        "Task": "Keyboard_interaction",
        "Action": "Using the keyboard, GHOSTS will be instructed to run a .exe file within Shell."
    },
    {
        "Task": "User_Unlock",
        "Action": "Enter the Password .    "
    },
    {
        "Task": "Execute_Admin_applications",
        "Action": "Admin user install an application from web browser in Windows OS."
    },
    {
        "Task": "RDP_interaction_Windows",
        "Action": "Open a program, access a file."
    },
    {
        "Task": "IE_Browser",
        "Action": "Click on the links provided to navigate on the web page "
    },
    {
        "Task": "Firefox_Browser",
        "Action": "Type in the URL \"www.google.com\" "
    },
    {
        "Task": "Home_drive",
        "Action": "Create a file in a home drive 'location A'."
    },
    {
        "Task": "Outlook_mail",
        "Action": "Save the downloaded attachments to the network/home drive"
    },
    {
        "Task": "Scheduled_tasks",
        "Action": "Schedule a task for 30sec in future and check whether the scheduled task runs after 30sec in future."
    },
    {
        "Task": "Mouse_interaction",
        "Action": "Create test harness GUI application with 9 buttons. GHOSTS will  be instructed to press buttons in a specific order using a mouse in Nautilus."
    },
    {
        "Task": "IE_Browser",
        "Action": "Save the downloaded files to network/home drive"
    },
    {
        "Task": "Telnet_interaction_Windows",
        "Action": "Open Telnet with some remote server. "
    },
    {
        "Task": "Mouse_interaction",
        "Action": "Create test harness GUI application with 9 buttons. GHOSTS will  be instructed to press buttons in a specific order using a mouse. "
    },
    {
        "Task": "Outlook_mail",
        "Action": "Select downloaded file and run the file "
    },
    {
        "Task": "Audio_stream",
        "Action": "Open the network audio file."
    },
    {
        "Task": "Microsoft_Word",
        "Action": "Create a new word document ( .doc, .docx) "
    },
    {
        "Task": "All_Admin_tasks",
        "Action": "Modify the Word , Excel, PowerPoint, text and PDF files. "
    },
    {
        "Task": "SSH_interaction",
        "Action": "Disconnect the remote server connection."
    },
    {
        "Task": "User_Login ",
        "Action": "Enter the 'Username' of the User  "
    },
    {
        "Task": "SSH_interaction",
        "Action": "Open SSH with some remote server. "
    },
    {
        "Task": "DNS_interaction",
        "Action": "Create an A record for a dummy domain and assign an IP."
    },
    {
        "Task": "Chrome_Browser",
        "Action": "Open the CHROME browser.                                                                                                                                                                                                                                                          "
    },
    {
        "Task": "Event_logs",
        "Action": "Admin user opens up text files in /var/log directory in Linux.  "
    },
    {
        "Task": "Chrome_Browser",
        "Action": "Click on the links provided to navigate on the web page "
    },
    {
        "Task": "Execute_Admin_applications",
        "Action": "Admin User run the installed application by typing in their privileges in Linux"
    },
    {
        "Task": "Admin_Active_Directory_Windows OS   ",
        "Action": "Delete the user and search the user again to see if the user no longer exists in Active directory."
    },
    {
        "Task": "DHCP_interaction",
        "Action": "Modify previously created DHCP scope by adding new option. "
    },
    {
        "Task": "Home_drive",
        "Action": "Delete the file from home drive 'location B'."
    },
    {
        "Task": "User_Lock",
        "Action": "Press the LOCK button under the Start Menu .                                         "
    },
    {
        "Task": "Firefox_Browser",
        "Action": "Click on HTTP/HTTPS to download the files.   "
    },
    {
        "Task": "Microsoft_PowerPoint",
        "Action": "Select a particular paragragh and  change the font sizes"
    },
    {
        "Task": "Execute_Admin_applications",
        "Action": "Admin user install an application from web browser in Linux. "
    },
    {
        "Task": "PowerShell_scripts",
        "Action": "UET client runs a PowerShell script and a batch file."
    },
    {
        "Task": "Telnet_interaction_Windows",
        "Action": "Disconnect the remote server connection"
    },
    {
        "Task": "Shell_commands",
        "Action": "Scripts contain Bourne shell commands and text. "
    },
    {
        "Task": "Telnet_interaction_Windows",
        "Action": "Create a file and check if the file exists "
    },
    {
        "Task": "Microsoft_Word",
        "Action": "Delete selected word files. "
    },
    {
        "Task": "Chat_Client",
        "Action": "Group  multiple users into one group who then receive same response at same time."
    },
    {
        "Task": "Telnet_interaction_Linux",
        "Action": "Open Telnet with some remote server. "
    },
    {
        "Task": "Interrupt",
        "Action": "Interrupt the action for  5min                                                                                                                           "
    },
    {
        "Task": "Video_stream",
        "Action": "Select the video file (.MP4, .MKV,.FLV.AVI)."
    },
    {
        "Task": "DNS_interaction",
        "Action": "Check to verify that the modifications are applied to DNS records."
    },
    {
        "Task": "Microsoft_Excel",
        "Action": "Create a new Excel  file(.xls, .xlsx)"
    },
    {
        "Task": "Audio_stream",
        "Action": "Close the audio file window.  "
    },
    {
        "Task": "Admin_Active_Directory_Windows OS   ",
        "Action": "Check that the user profile has permissions assigned."
    },
    {
        "Task": "Bash_scripts",
        "Action": " UET client opens bash script file"
    },
    {
        "Task": "Scheduled_tasks",
        "Action": " Reschedule the task for another 30sec in future."
    },
    {
        "Task": "Shell_commands",
        "Action": "UET client executes a Shell script which runs for every 5 minutes and checks the last occurrence of service restart"
    },
    {
        "Task": "DNS_interaction",
        "Action": "Modify the previously created A record by editing the domain name and assigning it to different IP. "
    },
    {
        "Task": "Audio_stream",
        "Action": "Select the audio file to play (.MP3, mpeg-4, .wav,.WMA)."
    },
    {
        "Task": "SSH_interaction",
        "Action": "Create a file and check if the file exists.    "
    },
    {
        "Task": "DHCP_interaction",
        "Action": "Run DHCP client and receive configuration information"
    },
    {
        "Task": "Microsoft_PowerPoint",
        "Action": "Delete selected PowerPoint files"
    },
    {
        "Task": "DNS_interaction",
        "Action": "Check name resolution for that domain name."
    },
    {
        "Task": "All_Admin_tasks",
        "Action": "Delete Word, Excel, PowerPoint, text and PDF files."
    },
    {
        "Task": "Bash_scripts",
        "Action": "UET client then sends an email by using \u2018mail\u2019 or \u2018sendmail\u2019 command"
    },
    {
        "Task": "Keyboard_interaction",
        "Action": "Open a excel file in Nautilus.   "
    },
    {
        "Task": "User_Logout",
        "Action": "Alternatively, Press CTRL+ALT+DEL to signout from the session "
    },
    {
        "Task": "Chat_Client",
        "Action": "Provide the response to other user by typing in the chat window."
    },
    {
        "Task": "Admin_Active_Directory_LINUX",
        "Action": "Delete the user and search the user again to see if the user no longer exists within LDAP server account.   "
    },
    {
        "Task": "Scheduled_tasks",
        "Action": "Delete that task after 10sec."
    },
    {
        "Task": "RDP_interaction_Windows",
        "Action": "Open RDP."
    },
    {
        "Task": "Firefox_Browser",
        "Action": "Click on the links provided to navigate on the web page "
    },
    {
        "Task": "Microsoft_Excel",
        "Action": "Delete selected Excel files. "
    },
    {
        "Task": "Microsoft_PowerPoint",
        "Action": "Open a PowerPoint slides.  "
    },
    {
        "Task": "DNS_interaction",
        "Action": "Delete the record and ensure that domain name no longer exists"
    },
    {
        "Task": "Microsoft_PowerPoint",
        "Action": "Move a PowerPoint slides from location A to location B on network drive.  "
    },
    {
        "Task": "All_Admin_tasks",
        "Action": "User closes the web browsers."
    },
    {
        "Task": "RDP_interaction_Linux",
        "Action": "Open RDP."
    },
    {
        "Task": "Network_drive",
        "Action": "Create a file in a network drive 'location A'."
    },
    {
        "Task": "PowerShell_scripts",
        "Action": "UET client uses the Run Scripts functionality to perform the automation of repetitive jobs. "
    },
    {
        "Task": "Firefox_Browser",
        "Action": "Type customised text in the search tab.    "
    },
    {
        "Task": "Chat_Client",
        "Action": "Select any user and type text in the chat window. "
    },
    {
        "Task": "Outlook_mail",
        "Action": "Open the outlook mail.                                                                                                                                   "
    },
    {
        "Task": "Microsoft_Excel",
        "Action": "Open a Excel file .   "
    },
    {
        "Task": "PDF_Handler",
        "Action": "Modify the pdf files by using edit tab and type in the text. "
    },
    {
        "Task": "Outlook_mail",
        "Action": "Download files/attachments by selecting the attachments within the mail."
    },
    {
        "Task": "All_Admin_tasks",
        "Action": "Enter the URL . "
    },
    {
        "Task": "Admin_Active_Directory_Windows OS   ",
        "Action": "Open the specific group to check that user profile has the business phone number assigned.  "
    },
    {
        "Task": "Keyboard_interaction",
        "Action": "Using the keyboard, GHOSTS client will be instructed to run a .exe file within a command prompt."
    },
    {
        "Task": "Admin_Active_Directory_Windows OS   ",
        "Action": "Modify the permissions assigned to the user previously and remove the 'Delete' privilege.   "
    },
    {
        "Task": "DHCP_interaction",
        "Action": "Add DHCP (option 9) to an existing scope. "
    },
    {
        "Task": "Firefox_Browser",
        "Action": "Save the downloaded files to network/home drive"
    },
    {
        "Task": "Microsoft_Excel",
        "Action": "Select some cells and format as a table."
    },
    {
        "Task": "Keyboard_interaction",
        "Action": "Open a excel file in windows explorer.    "
    },
    {
        "Task": "Event_logs",
        "Action": "Open up a event/system log files from windows system."
    },
    {
        "Task": "Outlook_mail",
        "Action": "Delete mail by selecting the mail and pressing DELETE."
    },
    {
        "Task": "Video_stream",
        "Action": "Close the YouTube browser"
    },
    {
        "Task": "Microsoft_PowerPoint",
        "Action": "Save the PowerPoint file to network/home drive. "
    },
    {
        "Task": "Keyboard_interaction",
        "Action": "Exit from the session"
    },
    {
        "Task": "RDP_interaction_Linux",
        "Action": "Open Bash.  "
    },
    {
        "Task": "RDP_interaction_Windows",
        "Action": "Close that program/file and exit the session"
    },
    {
        "Task": "Outlook_mail",
        "Action": "Forward mails to single/multiple users by selecting FORWARD."
    },
    {
        "Task": "Bash_scripts",
        "Action": "UET client modifies the text in order to customise certain tasks.  "
    },
    {
        "Task": "Chat_Client",
        "Action": "Select single/multiple users to send the files (.doc,.docx,.ppt,.pptx,.xls,.xlsx, txt) "
    },
    {
        "Task": "Execute_Admin_applications",
        "Action": "Admin User run the installed application by typing in their privileges in Windows OS ."
    },
    {
        "Task": "Shell_commands",
        "Action": "UET client then executes the request script  by the Bourne shell (sh)."
    },
    {
        "Task": "Keyboard_interaction",
        "Action": "Open a log file in Nautilus.   "
    },
    {
        "Task": "All_Admin_tasks",
        "Action": "Create Word , Excel, PowerPoint, text and PDF files."
    },
    {
        "Task": "Event_logs",
        "Action": "Admin user saves the .txt file to a location A in network drive."
    },
    {
        "Task": "PDF_Handler",
        "Action": "Open the PDF file using Adobe Acrobat reader.     "
    },
    {
        "Task": "Microsoft_PowerPoint",
        "Action": "Modify the PowerPoint files by typing in text,  change the layout, format the background of slide, insert a arrow/shapes. "
    },
    {
        "Task": "Microsoft_Word",
        "Action": "Modify the word files by typing in text /changing fonts/creating a table/add styling."
    },
    {
        "Task": "Home_drive",
        "Action": "Save the file and move it to another 'location B' on home drive.          "
    },
    {
        "Task": "Ping_hosts",
        "Action": "ECHO response back if host is responding in Windows OS."
    },
    {
        "Task": "All_Admin_tasks",
        "Action": "Admin user can modify the time and choose another time if they wish to."
    },
    {
        "Task": "Telnet_interaction_Linux",
        "Action": "Create a file and check if the file exists "
    },
    {
        "Task": "Ping_hosts",
        "Action": "ECHO response back if host is responding in Linux."
    },
    {
        "Task": "Firefox_Browser",
        "Action": "Open the FIREFOX browser.                                                                                                                                                                                                                                                          "
    },
    {
        "Task": "Network_drive",
        "Action": "Delete the file from network drive 'location B'."
    },
    {
        "Task": "Chat_Client",
        "Action": "Save the downloaded files to network/home drive"
    },
    {
        "Task": "Bash_scripts",
        "Action": "UET client creates a file named, \u2018file_exist.sh. "
    },
    {
        "Task": "DNS_interaction",
        "Action": "Check name resolution for that domain name"
    },
    {
        "Task": "Chat_Client",
        "Action": "Add in the files and send them to selected users inside the chat window."
    },
    {
        "Task": "PowerShell_scripts",
        "Action": "UET client creates and edits the PowerShell scripts for use with Configuration Manager.  "
    },
    {
        "Task": "PDF_Handler",
        "Action": "Delete the selected PDF files."
    },
    {
        "Task": "All_Admin_tasks",
        "Action": "Open any of the web browser ( e.g. Chrome, IE or Firefox) "
    },
    {
        "Task": "Bash_scripts",
        "Action": "UET client executes the customised task using bash. "
    },
    {
        "Task": "Chrome_Browser",
        "Action": "Click on HTTP/HTTPS to download the files.   "
    },
    {
        "Task": "Chat_Client",
        "Action": "Select multiple users  to add to chat window."
    },
    {
        "Task": "Admin_Active_Directory_Windows OS   ",
        "Action": "Assign permissions to the user."
    },
    {
        "Task": "Bash_scripts",
        "Action": "UET client runs a Bash script for Linux."
    },
    {
        "Task": "User_Unlock",
        "Action": "Press the CTRL+ALT+DEL to UNLOCK the screen.                                                                                                                                                   "
    }
]