[
    {
        "Task": "Shell_commands",
        "Action": "UET client executes a Shell script which runs for every 5 minutes and checks the last occurrence of service restart"
    },
    {
        "Task": "Event_logs",
        "Action": "Admin user opens up text files in /var/log directory in Linux.  "
    },
    {
        "Task": "Home_drive",
        "Action": "Delete the file from home drive 'location B'."
    },
    {
        "Task": "Keyboard_interaction",
        "Action": "Exit from the session"
    },
    {
        "Task": "All_Admin_tasks",
        "Action": "Open the Word , Excel, PowerPoint, text and PDF files.  "
    },
    {
        "Task": "DHCP_interaction",
        "Action": "Modify previously created DHCP scope by adding new option. "
    },
    {
        "Task": "DNS_interaction",
        "Action": "Delete the record and ensure that domain name no longer exists"
    },
    {
        "Task": "All_Admin_tasks",
        "Action": "Admin user sets a time period for task 'A' to be installed or executed"
    },
    {
        "Task": "All_Admin_tasks",
        "Action": "Click on the links on web browser."
    },
    {
        "Task": "DHCP_interaction",
        "Action": "Run DHCP client and receive configuration information"
    },
    {
        "Task": "Firefox_Browser",
        "Action": "Type customised text in the search tab.    "
    },
    {
        "Task": "Chrome_Browser",
        "Action": "Type customised text in the search tab.    "
    },
    {
        "Task": "Video_stream",
        "Action": "Open a web browser and access YouTube videos."
    },
    {
        "Task": "Ping_hosts",
        "Action": "To have UET issue ping command in Linux.   "
    },
    {
        "Task": "Microsoft_PowerPoint",
        "Action": "Delete selected PowerPoint files"
    },
    {
        "Task": "User_Login ",
        "Action": "Enter the 'Password' for the User . "
    },
    {
        "Task": "Microsoft_PowerPoint",
        "Action": "Modify the PowerPoint files by typing in text,  change the layout, format the background of slide, insert a arrow/shapes. "
    },
    {
        "Task": "DNS_interaction",
        "Action": "Check name resolution for that domain name."
    },
    {
        "Task": "Chat_Client",
        "Action": "Add in the files and send them to selected users inside the chat window."
    },
    {
        "Task": "User_Login ",
        "Action": "Open the login interface on the VM .                                                                           "
    },
    {
        "Task": "Video_stream",
        "Action": "Close the video file window"
    },
    {
        "Task": "Microsoft_Excel",
        "Action": "Open a Excel file .   "
    },
    {
        "Task": "Mouse_interaction",
        "Action": "Open a start up menu and open a word file in Nautilus."
    },
    {
        "Task": "Admin_Updates",
        "Action": "Scan the server for available updates."
    },
    {
        "Task": "Network_drive",
        "Action": "Create a file in a network drive 'location A'."
    },
    {
        "Task": "Keyboard_interaction",
        "Action": "Exit from the session"
    },
    {
        "Task": "User_Logout",
        "Action": "Press the SIGNOUT button under the Start Menu.                                                    "
    },
    {
        "Task": "User_Unlock",
        "Action": "Press the CTRL+ALT+DEL to UNLOCK the screen.                                                                                                                                                   "
    },
    {
        "Task": "Chrome_Browser",
        "Action": "Save the downloaded files to network/home drive"
    },
    {
        "Task": "Chat_Client",
        "Action": "Select the executable files user wish to download from the chat window. "
    },
    {
        "Task": "Event_logs",
        "Action": "Admin User analyses the device changes.  "
    },
    {
        "Task": "Microsoft_Word",
        "Action": "Select a paragraph in the word to make it bold  "
    },
    {
        "Task": "RDP_interaction_Windows",
        "Action": "Open RDP."
    },
    {
        "Task": "PowerShell_scripts",
        "Action": "UET client uses the Run Scripts functionality to perform the automation of repetitive jobs. "
    },
    {
        "Task": "IE_Browser",
        "Action": "Click on HTTP/HTTPS to download the files.   "
    },
    {
        "Task": "SSH_interaction",
        "Action": "Disconnect the remote server connection."
    },
    {
        "Task": "User_Unlock",
        "Action": "Enter the Password .    "
    },
    {
        "Task": "Admin_Active_Directory_Windows OS   ",
        "Action": "Modify the permissions assigned to a user profile in a group  to open directory."
    },
    {
        "Task": "Microsoft_Excel",
        "Action": "Save the Excel file to network/ home drive. "
    },
    {
        "Task": "Firefox_Browser",
        "Action": "Click on HTTP/HTTPS to download the files.   "
    },
    {
        "Task": "Outlook_mail",
        "Action": "Select any random mail to view.        "
    },
    {
        "Task": "Chat_Client",
        "Action": "Save the downloaded files to network/home drive"
    },
    {
        "Task": "All_Admin_tasks",
        "Action": "Enter the URL . "
    },
    {
        "Task": "PowerShell_scripts",
        "Action": "UET client runs a PowerShell script and a batch file."
    },
    {
        "Task": "Bash_scripts",
        "Action": "UET client executes the customised task using bash. "
    },
    {
        "Task": "IE_Browser",
        "Action": "Open the IE browser.                                                                                                                                                                                                                                                          "
    },
    {
        "Task": "Event_logs",
        "Action": "Open up a event/system log files from windows system."
    },
    {
        "Task": "Telnet_interaction_Linux",
        "Action": "Open Telnet with some remote server. "
    },
    {
        "Task": "Admin_Active_Directory_Windows OS   ",
        "Action": "Modify the permissions assigned to the user previously and remove the 'Delete' privilege.   "
    },
    {
        "Task": "Bash_scripts",
        "Action": "UET client creates a file named, \u2018file_exist.sh. "
    },
    {
        "Task": "RDP_interaction_Windows",
        "Action": "Open a program, access a file."
    },
    {
        "Task": "User_Lock",
        "Action": "Press the LOCK button under the Start Menu .                                         "
    },
    {
        "Task": "Keyboard_interaction",
        "Action": "Open a excel file in Nautilus.   "
    },
    {
        "Task": "IE_Browser",
        "Action": "Click on the links provided to navigate on the web page "
    },
    {
        "Task": "SSH_interaction",
        "Action": "Disconnect the remote server connection."
    },
    {
        "Task": "Keyboard_interaction",
        "Action": "Open a excel file in windows explorer.    "
    },
    {
        "Task": "SSH_interaction",
        "Action": "Open SSH with some remote server."
    },
    {
        "Task": "Mouse_interaction",
        "Action": "Create test harness GUI application with 9 buttons. GHOSTS will  be instructed to press buttons in a specific order using a mouse. "
    },
    {
        "Task": "Network_drive",
        "Action": "Open the file and modify the file.  "
    },
    {
        "Task": "User_Login ",
        "Action": "Press the LOGIN button using Mouse or Press ENTER button on the Keyboard to login into the interface"
    },
    {
        "Task": "Firefox_Browser",
        "Action": "Open the FIREFOX browser.                                                                                                                                                                                                                                                          "
    },
    {
        "Task": "Ping_hosts",
        "Action": "ECHO response back if host is responding in Windows OS."
    },
    {
        "Task": "Chrome_Browser",
        "Action": "Open the CHROME browser.                                                                                                                                                                                                                                                          "
    },
    {
        "Task": "Interrupt",
        "Action": "Interrrupt the action for 10min          "
    },
    {
        "Task": "Admin_Updates",
        "Action": "As  .net core doesn't run updates on Ubuntu, install package on APT repository"
    },
    {
        "Task": "Microsoft_Word",
        "Action": "Create a new word document ( .doc, .docx) "
    },
    {
        "Task": "Keyboard_interaction",
        "Action": "Open a log file in windows explorer  "
    },
    {
        "Task": "Admin_Active_Directory_Windows OS   ",
        "Action": "Assign permissions to the user."
    },
    {
        "Task": "Shell_commands",
        "Action": "UET client then executes the request script  by the Bourne shell (sh)."
    },
    {
        "Task": "Interrupt",
        "Action": "Interrupt the action for  5min                                                                                                                           "
    },
    {
        "Task": "Telnet_interaction_Windows",
        "Action": "Open Telnet with some remote server. "
    },
    {
        "Task": "RDP_interaction_Linux",
        "Action": "Close that program/file and exit the session"
    },
    {
        "Task": "RDP_interaction_Windows",
        "Action": "Open command prompt.  "
    },
    {
        "Task": "Keyboard_interaction",
        "Action": "Using the keyboard, GHOSTS client will be instructed to run a .exe file within a command prompt."
    },
    {
        "Task": "Ping_hosts",
        "Action": "To have UET issue ping command in Windows OS."
    },
    {
        "Task": "Admin_Active_Directory_Windows OS   ",
        "Action": "Search the directory to see if user exists.    "
    },
    {
        "Task": "PDF_Handler",
        "Action": "Save the PDF file into network/home drive."
    },
    {
        "Task": "DNS_interaction",
        "Action": "Check to verify that the modifications are applied to DNS records."
    },
    {
        "Task": "Event_logs",
        "Action": "Admin user saves the .txt file to a location A in network drive."
    },
    {
        "Task": "Scheduled_tasks",
        "Action": "Delete that task after 10sec."
    },
    {
        "Task": "Microsoft_Excel",
        "Action": "Delete selected Excel files. "
    },
    {
        "Task": "Ping_hosts",
        "Action": "ECHO response back if host is responding in Linux."
    },
    {
        "Task": "Chat_Client",
        "Action": "Select multiple users  to add to chat window."
    },
    {
        "Task": "Audio_stream",
        "Action": "Select the audio file to play (.MP3, mpeg-4, .wav,.WMA)."
    },
    {
        "Task": "Telnet_interaction_Windows",
        "Action": "Create a file and check if the file exists "
    },
    {
        "Task": "RDP_interaction_Linux",
        "Action": "Open Bash.  "
    },
    {
        "Task": "Outlook_mail",
        "Action": "Select downloaded file and run the file "
    },
    {
        "Task": "Keyboard_interaction",
        "Action": "Using the keyboard, GHOSTS will be instructed to run a .exe file within Shell."
    },
    {
        "Task": "Chat_Client",
        "Action": "Select a chat application using Start menu."
    },
    {
        "Task": "Video_stream",
        "Action": "Close the YouTube browser"
    },
    {
        "Task": "Microsoft_Excel",
        "Action": "Create a new Excel  file(.xls, .xlsx)"
    },
    {
        "Task": "SSH_interaction",
        "Action": "Create a file and check if the file exists.    "
    },
    {
        "Task": "Shell_commands",
        "Action": "Send an email to notify the administrator after the shell script has been executed"
    },
    {
        "Task": "All_Admin_tasks",
        "Action": " Save the files and move it to another 'location B' on windows explorer.  "
    },
    {
        "Task": "Chrome_Browser",
        "Action": "Type in the URL \"www.msn.com\" "
    },
    {
        "Task": "Admin_Active_Directory_LINUX",
        "Action": "Modify the permissions assigned to the user previously and remove the 'Delete' privilege. "
    },
    {
        "Task": "PowerShell_scripts",
        "Action": "UET client creates and edits the PowerShell scripts for use with Configuration Manager.  "
    },
    {
        "Task": "Telnet_interaction_Linux",
        "Action": "Disconnect the remote server connection"
    },
    {
        "Task": "User_Login ",
        "Action": "Enter the 'Username' of the User  "
    },
    {
        "Task": "Microsoft_Word",
        "Action": "Move a word document from location A to location B on network drive"
    },
    {
        "Task": "Video_stream",
        "Action": "Open the network video file. "
    },
    {
        "Task": "Chrome_Browser",
        "Action": "Click on HTTP/HTTPS to download the files.   "
    },
    {
        "Task": "Video_stream",
        "Action": "Select the video file (.MP4, .MKV,.FLV.AVI)."
    },
    {
        "Task": "Firefox_Browser",
        "Action": "Click on the links provided to navigate on the web page "
    },
    {
        "Task": "DNS_interaction",
        "Action": "Create an A record for a dummy domain and assign an IP."
    },
    {
        "Task": "Execute_Admin_applications",
        "Action": "Admin user install an application from web browser in Windows OS."
    },
    {
        "Task": "All_Admin_tasks",
        "Action": "Open any of the web browser ( e.g. Chrome, IE or Firefox) "
    },
    {
        "Task": "All_Admin_tasks",
        "Action": "Admin user can modify the time and choose another time if they wish to."
    },
    {
        "Task": "RDP_interaction_Linux",
        "Action": "Open RDP."
    },
    {
        "Task": "User_Unlock",
        "Action": "Press the ENTER button on the Keyboard"
    },
    {
        "Task": "Scheduled_tasks",
        "Action": "Schedule a task for 30sec in future and check whether the scheduled task runs after 30sec in future."
    },
    {
        "Task": "SSH_interaction",
        "Action": "Open SSH with some remote server. "
    },
    {
        "Task": "Execute_Admin_applications",
        "Action": "Admin user install an application from web browser in Linux. "
    },
    {
        "Task": "Home_drive",
        "Action": "Save the file and move it to another 'location B' on home drive.          "
    },
    {
        "Task": "Shell_commands",
        "Action": "Admin user specifies file systems or directories to backup in the Shell script."
    },
    {
        "Task": "Outlook_mail",
        "Action": "Open the outlook mail.                                                                                                                                   "
    },
    {
        "Task": "Microsoft_Word",
        "Action": "Open a word document ."
    },
    {
        "Task": "Telnet_interaction_Windows",
        "Action": "Disconnect the remote server connection"
    },
    {
        "Task": "Keyboard_interaction",
        "Action": "Open a log file in Nautilus.   "
    },
    {
        "Task": "DNS_interaction",
        "Action": "Create an A record for a dummy domain and assign an IP."
    },
    {
        "Task": "DNS_interaction",
        "Action": "Check name resolution for that domain name"
    },
    {
        "Task": "Microsoft_Word",
        "Action": "Modify the word files by typing in text /changing fonts/creating a table/add styling."
    },
    {
        "Task": "Outlook_mail",
        "Action": "Download files/attachments by selecting the attachments within the mail."
    },
    {
        "Task": "Microsoft_Excel",
        "Action": "Select a particular cell and add styling "
    },
    {
        "Task": "Admin_Active_Directory_Windows OS   ",
        "Action": "Check to see that user profile has permission to access the files within a directory.   "
    },
    {
        "Task": "Admin_Active_Directory_LINUX",
        "Action": "Add user to specific group and search the group to see if user exists and set a business phone number. "
    },
    {
        "Task": "Chat_Client",
        "Action": "Group  multiple users into one group who then receive same response at same time."
    },
    {
        "Task": "DNS_interaction",
        "Action": "Delete the record and ensure that domain name no longer exists. "
    },
    {
        "Task": "Bash_scripts",
        "Action": " UET client opens bash script file"
    },
    {
        "Task": "All_Admin_tasks",
        "Action": "Type text in the search tab"
    },
    {
        "Task": "User_Logout",
        "Action": "Alternatively, Press CTRL+ALT+DEL to signout from the session "
    },
    {
        "Task": "DNS_interaction",
        "Action": "Create an A record for a dummy domain and assign an IP."
    },
    {
        "Task": "Admin_Active_Directory_LINUX",
        "Action": "Check to see that user profile has no permission to delete a user from a group."
    },
    {
        "Task": "DHCP_interaction",
        "Action": "Run DHCP client and receive configuration information."
    },
    {
        "Task": "Microsoft_PowerPoint",
        "Action": "Open a PowerPoint slides.  "
    },
    {
        "Task": "PDF_Handler",
        "Action": "Delete the selected PDF files."
    },
    {
        "Task": "PowerShell_scripts",
        "Action": "UET client creates a batch script (.bat) with a list of several commands using a Notepad++.    "
    },
    {
        "Task": "Shell_commands",
        "Action": "UET client executes a detailed log of the backup, along with an option to send an abbreviated email summary of the backup to the administrator. "
    },
    {
        "Task": "Microsoft_PowerPoint",
        "Action": "Move a PowerPoint slides from location A to location B on network drive.  "
    },
    {
        "Task": "DHCP_interaction",
        "Action": "Delete that option from DHCP scope created earlier."
    },
    {
        "Task": "All_Admin_tasks",
        "Action": "Modify the Word , Excel, PowerPoint, text and PDF files. "
    },
    {
        "Task": "Audio_stream",
        "Action": "Open the network audio file."
    },
    {
        "Task": "Microsoft_PowerPoint",
        "Action": "Select a particular paragragh and  change the font sizes"
    },
    {
        "Task": "Chat_Client",
        "Action": "Run the downloaded exe.file within the chat window."
    },
    {
        "Task": "DHCP_interaction",
        "Action": "Check that option was included in that information.     "
    },
    {
        "Task": "Chat_Client",
        "Action": "Select any user and type text in the chat window. "
    },
    {
        "Task": "PDF_Handler",
        "Action": "Move the PDF file from location A to location B on network/home drive."
    },
    {
        "Task": "IE_Browser",
        "Action": "Type in the URL \"www.target.com\" "
    },
    {
        "Task": "Bash_scripts",
        "Action": "UET client modifies the text in order to customise certain tasks.  "
    },
    {
        "Task": "Mouse_interaction",
        "Action": "Create test harness GUI application with 9 buttons. GHOSTS will  be instructed to press buttons in a specific order using a mouse in Nautilus."
    },
    {
        "Task": "Admin_Active_Directory_Windows OS   ",
        "Action": "Create a user in Active directory."
    },
    {
        "Task": "Outlook_mail",
        "Action": "Delete mail by selecting the mail and pressing DELETE."
    },
    {
        "Task": "DHCP_interaction",
        "Action": "Add DHCP (option 9) to an existing scope. "
    },
    {
        "Task": "Scheduled_tasks",
        "Action": " Reschedule the task for another 30sec in future."
    },
    {
        "Task": "Home_drive",
        "Action": "Open the file and modify the file"
    },
    {
        "Task": "Microsoft_Excel",
        "Action": "Select some cells and format as a table."
    },
    {
        "Task": "All_Admin_tasks",
        "Action": "User closes the web browsers."
    },
    {
        "Task": "Telnet_interaction_Linux",
        "Action": "Create a file and check if the file exists "
    },
    {
        "Task": "IE_Browser",
        "Action": "Save the downloaded files to network/home drive"
    },
    {
        "Task": "Microsoft_Word",
        "Action": "Delete selected word files. "
    },
    {
        "Task": "PDF_Handler",
        "Action": "Modify the pdf files by using edit tab and type in the text. "
    },
    {
        "Task": "Microsoft_Excel",
        "Action": "Move a Excel file from location A to location B on network drive."
    },
    {
        "Task": "Mouse_interaction",
        "Action": "Open a start up menu and open a word file using mouse operation.       "
    },
    {
        "Task": "Chat_Client",
        "Action": "Select multiple users  to add to chat window."
    },
    {
        "Task": "Outlook_mail",
        "Action": "Save the downloaded attachments to the network/home drive"
    }
]