[
    {
        "Task": "Admin_Active_Directory_LINUX",
        "Action": "Delete the user and search the user again to see if the user no longer exists within LDAP server account.   "
    },
    {
        "Task": "DNS_interaction",
        "Action": "Delete the record and ensure that domain name no longer exists. "
    },
    {
        "Task": "Execute_Admin_applications",
        "Action": "Admin User run the installed application by typing in their privileges in Windows OS ."
    },
    {
        "Task": "Home_drive",
        "Action": "Delete the file from home drive 'location B'."
    },
    {
        "Task": "Shell_commands",
        "Action": "UET client then executes the request script  by the Bourne shell (sh)."
    },
    {
        "Task": "Chrome_Browser",
        "Action": "Open the CHROME browser.                                                                                                                                                                                                                                                          "
    },
    {
        "Task": "User_Login ",
        "Action": "Press the LOGIN button using Mouse or Press ENTER button on the Keyboard to login into the interface"
    },
    {
        "Task": "User_Unlock",
        "Action": "Press the CTRL+ALT+DEL to UNLOCK the screen.                                                                                                                                                   "
    },
    {
        "Task": "Ping_hosts",
        "Action": "ECHO response back if host is responding in Linux."
    },
    {
        "Task": "Video_stream",
        "Action": "Open a web browser and access YouTube videos."
    },
    {
        "Task": "PDF_Handler",
        "Action": "Save the PDF file into network/home drive."
    },
    {
        "Task": "Microsoft_Excel",
        "Action": "Create a new Excel  file(.xls, .xlsx)"
    },
    {
        "Task": "Video_stream",
        "Action": "Close the YouTube browser"
    },
    {
        "Task": "Outlook_mail",
        "Action": "Open the outlook mail.                                                                                                                                   "
    },
    {
        "Task": "Chrome_Browser",
        "Action": "Type in the URL \"www.msn.com\" "
    },
    {
        "Task": "Scheduled_tasks",
        "Action": "Schedule a task for 30sec in future and check whether the scheduled task runs after 30sec in future."
    },
    {
        "Task": "PowerShell_scripts",
        "Action": "UET client runs a PowerShell script and a batch file."
    },
    {
        "Task": "Event_logs",
        "Action": "Admin User analyses the device changes.  "
    },
    {
        "Task": "User_Logout",
        "Action": "Press the SIGNOUT button under the Start Menu.                                                    "
    },
    {
        "Task": "Shell_commands",
        "Action": "Send an email to notify the administrator after the shell script has been executed"
    },
    {
        "Task": "Bash_scripts",
        "Action": "UET client modifies the text in order to customise certain tasks.  "
    },
    {
        "Task": "PDF_Handler",
        "Action": "Move the PDF file from location A to location B on network/home drive."
    },
    {
        "Task": "DHCP_interaction",
        "Action": "Run the client again and check the received information doesn\u2019t include (option 9).   "
    },
    {
        "Task": "SSH_interaction",
        "Action": "Open SSH with some remote server."
    },
    {
        "Task": "Mouse_interaction",
        "Action": "Create test harness GUI application with 9 buttons. GHOSTS will  be instructed to press buttons in a specific order using a mouse in Nautilus."
    },
    {
        "Task": "Chat_Client",
        "Action": "Run the downloaded exe.file within the chat window."
    },
    {
        "Task": "Keyboard_interaction",
        "Action": "Open a log file in windows explorer  "
    },
    {
        "Task": "DNS_interaction",
        "Action": "Create an A record for a dummy domain and assign an IP."
    },
    {
        "Task": "All_Admin_tasks",
        "Action": "Modify the Word , Excel, PowerPoint, text and PDF files. "
    },
    {
        "Task": "Bash_scripts",
        "Action": "UET client creates a file named, \u2018file_exist.sh. "
    },
    {
        "Task": "Firefox_Browser",
        "Action": "Open the FIREFOX browser.                                                                                                                                                                                                                                                          "
    },
    {
        "Task": "Home_drive",
        "Action": "Create a file in a home drive 'location A'."
    },
    {
        "Task": "User_Login ",
        "Action": "Enter the 'Username' of the User  "
    },
    {
        "Task": "Admin_Active_Directory_Windows OS   ",
        "Action": "Create a new group of multiple users"
    },
    {
        "Task": "RDP_interaction_Linux",
        "Action": "Close that program/file and exit the session"
    },
    {
        "Task": "IE_Browser",
        "Action": "Type in the URL \"www.target.com\" "
    },
    {
        "Task": "Audio_stream",
        "Action": "Close the audio file window.  "
    },
    {
        "Task": "Audio_stream",
        "Action": "Select the audio file to play (.MP3, mpeg-4, .wav,.WMA)."
    },
    {
        "Task": "Telnet_interaction_Windows",
        "Action": "Disconnect the remote server connection"
    },
    {
        "Task": "Microsoft_PowerPoint",
        "Action": "Open a PowerPoint slides.  "
    },
    {
        "Task": "All_Admin_tasks",
        "Action": "Type text in the search tab"
    },
    {
        "Task": "DNS_interaction",
        "Action": "Create an A record for a dummy domain and assign an IP."
    },
    {
        "Task": "Microsoft_PowerPoint",
        "Action": "Select a particular paragragh and  change the font sizes"
    },
    {
        "Task": "Microsoft_Excel",
        "Action": "Delete selected Excel files. "
    },
    {
        "Task": "Microsoft_Excel",
        "Action": "Move a Excel file from location A to location B on network drive."
    },
    {
        "Task": "Microsoft_PowerPoint",
        "Action": "Modify the PowerPoint files by typing in text,  change the layout, format the background of slide, insert a arrow/shapes. "
    },
    {
        "Task": "Microsoft_PowerPoint",
        "Action": "Save the PowerPoint file to network/home drive. "
    },
    {
        "Task": "Video_stream",
        "Action": "Select the video file (.MP4, .MKV,.FLV.AVI)."
    },
    {
        "Task": "IE_Browser",
        "Action": "Click on HTTP/HTTPS to download the files.   "
    },
    {
        "Task": "Admin_Active_Directory_Windows OS   ",
        "Action": "Check that the user profile has permissions assigned."
    },
    {
        "Task": "Microsoft_Word",
        "Action": "Save the word file to network/ home drive."
    },
    {
        "Task": "Mouse_interaction",
        "Action": "Create test harness GUI application with 9 buttons. GHOSTS will  be instructed to press buttons in a specific order using a mouse. "
    },
    {
        "Task": "Shell_commands",
        "Action": "UET client executes a detailed log of the backup, along with an option to send an abbreviated email summary of the backup to the administrator. "
    },
    {
        "Task": "Microsoft_Word",
        "Action": "Modify the word files by typing in text /changing fonts/creating a table/add styling."
    },
    {
        "Task": "Chat_Client",
        "Action": "Select a chat application using Start menu."
    },
    {
        "Task": "Execute_Admin_applications",
        "Action": "Admin user install an application from web browser in Windows OS."
    },
    {
        "Task": "DHCP_interaction",
        "Action": "Check that option was included in that information.     "
    },
    {
        "Task": "Microsoft_Word",
        "Action": "Move a word document from location A to location B on network drive"
    },
    {
        "Task": "Scheduled_tasks",
        "Action": "Wait to ensure the task didn't run."
    },
    {
        "Task": "Network_drive",
        "Action": "Delete the file from network drive 'location B'."
    },
    {
        "Task": "Outlook_mail",
        "Action": "Select downloaded file and run the file "
    },
    {
        "Task": "Chat_Client",
        "Action": "Select single/multiple users to send the files (.doc,.docx,.ppt,.pptx,.xls,.xlsx, txt) "
    },
    {
        "Task": "Chrome_Browser",
        "Action": "Save the downloaded files to network/home drive"
    },
    {
        "Task": "Telnet_interaction_Windows",
        "Action": "Open Telnet with some remote server. "
    },
    {
        "Task": "User_Unlock",
        "Action": "Enter the Password .    "
    },
    {
        "Task": "Microsoft_Excel",
        "Action": "Modify the Excel files by typing in some random text."
    },
    {
        "Task": "PowerShell_scripts",
        "Action": "UET client creates and edits the PowerShell scripts for use with Configuration Manager.  "
    },
    {
        "Task": "Chrome_Browser",
        "Action": "Type customised text in the search tab.    "
    },
    {
        "Task": "DHCP_interaction",
        "Action": "Modify previously created DHCP scope by adding new option. "
    },
    {
        "Task": "PowerShell_scripts",
        "Action": "UET client uses the Run Scripts functionality to perform the automation of repetitive jobs. "
    },
    {
        "Task": "Microsoft_Excel",
        "Action": "Select a particular cell and add styling "
    },
    {
        "Task": "DNS_interaction",
        "Action": "Modify the previously created A record by editing the domain name and assigning it to different IP. "
    },
    {
        "Task": "SSH_interaction",
        "Action": "Open SSH with some remote server. "
    },
    {
        "Task": "Bash_scripts",
        "Action": "Create a file named, \u2018mail_example.sh\u2019. "
    },
    {
        "Task": "User_Login ",
        "Action": "Open the login interface on the VM .                                                                           "
    },
    {
        "Task": "All_Admin_tasks",
        "Action": "Admin user sets a time period for task 'A' to be installed or executed"
    },
    {
        "Task": "Keyboard_interaction",
        "Action": "Exit from the session"
    },
    {
        "Task": "Shell_commands",
        "Action": "UET client executes a Shell script which runs for every 5 minutes and checks the last occurrence of service restart"
    },
    {
        "Task": "Telnet_interaction_Linux",
        "Action": "Disconnect the remote server connection"
    },
    {
        "Task": "Microsoft_Excel",
        "Action": "Open a Excel file .   "
    },
    {
        "Task": "Ping_hosts",
        "Action": "To have UET issue ping command in Windows OS."
    },
    {
        "Task": "PowerShell_scripts",
        "Action": "UET client confirms to see the output of each command that is executed in a Command Prompt."
    },
    {
        "Task": "Network_drive",
        "Action": "Open the file and modify the file.  "
    },
    {
        "Task": "Chat_Client",
        "Action": "Select multiple users  to add to chat window."
    },
    {
        "Task": "Chrome_Browser",
        "Action": "Click on HTTP/HTTPS to download the files.   "
    },
    {
        "Task": "All_Admin_tasks",
        "Action": "Open the Word , Excel, PowerPoint, text and PDF files.  "
    },
    {
        "Task": "User_Lock",
        "Action": "Alternatively, Press CTRL+ALT+DEL to LOCK the screen."
    },
    {
        "Task": "Execute_Admin_applications",
        "Action": "Admin User run the installed application by typing in their privileges in Linux"
    },
    {
        "Task": "Telnet_interaction_Windows",
        "Action": "Create a file and check if the file exists "
    },
    {
        "Task": "Chat_Client",
        "Action": "Select any user and type text in the chat window. "
    },
    {
        "Task": "Microsoft_PowerPoint",
        "Action": "Create a new PowerPoint slides (.ppt, .pptx)"
    },
    {
        "Task": "Chat_Client",
        "Action": "Save the downloaded files to network/home drive"
    },
    {
        "Task": "Telnet_interaction_Linux",
        "Action": "Create a file and check if the file exists "
    },
    {
        "Task": "DHCP_interaction",
        "Action": "Run DHCP client and receive configuration information."
    },
    {
        "Task": "Chrome_Browser",
        "Action": "Click on the links provided to navigate on the web page "
    },
    {
        "Task": "Microsoft_Excel",
        "Action": "Select some cells and format as a table."
    },
    {
        "Task": "Ping_hosts",
        "Action": "ECHO response back if host is responding in Windows OS."
    },
    {
        "Task": "Microsoft_Word",
        "Action": "Open a word document ."
    },
    {
        "Task": "Execute_Admin_applications",
        "Action": "Admin user install an application from web browser in Linux. "
    },
    {
        "Task": "All_Admin_tasks",
        "Action": "Enter the URL . "
    },
    {
        "Task": "Video_stream",
        "Action": "Close the video file window"
    },
    {
        "Task": "Microsoft_Excel",
        "Action": "Select a particular cell and change the fonts."
    },
    {
        "Task": "PowerShell_scripts",
        "Action": "UET client creates a batch script (.bat) with a list of several commands using a Notepad++.    "
    },
    {
        "Task": "Outlook_mail",
        "Action": "Respond to the mail by selecting REPLY. "
    },
    {
        "Task": "DNS_interaction",
        "Action": "Create an A record for a dummy domain and assign an IP."
    },
    {
        "Task": "Home_drive",
        "Action": "Save the file and move it to another 'location B' on home drive.          "
    },
    {
        "Task": "Admin_Active_Directory_Windows OS   ",
        "Action": "Delete the user and search the user again to see if the user no longer exists in Active directory."
    },
    {
        "Task": "Keyboard_interaction",
        "Action": "Open a excel file in Nautilus.   "
    },
    {
        "Task": "Admin_Updates",
        "Action": "Remove installed updates.    "
    },
    {
        "Task": "Admin_Updates",
        "Action": "As  .net core doesn't run updates on Ubuntu, install package on APT repository"
    },
    {
        "Task": "DNS_interaction",
        "Action": "Check name resolution for that domain name."
    },
    {
        "Task": "DHCP_interaction",
        "Action": "Add DHCP (option 9) to an existing scope. "
    },
    {
        "Task": "RDP_interaction_Linux",
        "Action": "Open RDP."
    },
    {
        "Task": "Microsoft_PowerPoint",
        "Action": "Move a PowerPoint slides from location A to location B on network drive.  "
    },
    {
        "Task": "Event_logs",
        "Action": "Admin user opens up text files in /var/log directory in Linux.  "
    },
    {
        "Task": "Firefox_Browser",
        "Action": "Save the downloaded files to network/home drive"
    },
    {
        "Task": "Outlook_mail",
        "Action": "Select any random mail to view.        "
    },
    {
        "Task": "DNS_interaction",
        "Action": "Check to verify that the modifications are applied to DNS records."
    },
    {
        "Task": "Outlook_mail",
        "Action": "Create a mail by selecting New Email tab"
    },
    {
        "Task": "Keyboard_interaction",
        "Action": "Exit from the session"
    },
    {
        "Task": "User_Login ",
        "Action": "Enter the 'Password' for the User . "
    },
    {
        "Task": "All_Admin_tasks",
        "Action": "Open any of the web browser ( e.g. Chrome, IE or Firefox) "
    },
    {
        "Task": "Keyboard_interaction",
        "Action": "Open a excel file in windows explorer.    "
    },
    {
        "Task": "Bash_scripts",
        "Action": " UET client opens bash script file"
    },
    {
        "Task": "Keyboard_interaction",
        "Action": "Using the keyboard, GHOSTS will be instructed to run a .exe file within Shell."
    },
    {
        "Task": "DNS_interaction",
        "Action": "Delete the record and ensure that domain name no longer exists"
    },
    {
        "Task": "Admin_Active_Directory_Windows OS   ",
        "Action": "Open the specific group to check that user profile has the business phone number assigned.  "
    },
    {
        "Task": "DHCP_interaction",
        "Action": "Delete that option from DHCP scope created earlier."
    },
    {
        "Task": "Mouse_interaction",
        "Action": "Open a start up menu and open a word file in Nautilus."
    },
    {
        "Task": "All_Admin_tasks",
        "Action": "Create Word , Excel, PowerPoint, text and PDF files."
    },
    {
        "Task": "Bash_scripts",
        "Action": "UET client then sends an email by using \u2018mail\u2019 or \u2018sendmail\u2019 command"
    },
    {
        "Task": "User_Lock",
        "Action": "Press the LOCK button under the Start Menu .                                         "
    },
    {
        "Task": "Bash_scripts",
        "Action": "UET client runs a Bash script for Linux."
    },
    {
        "Task": "Admin_Updates",
        "Action": "Scan system for installed updates. "
    },
    {
        "Task": "Admin_Active_Directory_Windows OS   ",
        "Action": "Create a user in Active directory."
    },
    {
        "Task": "Keyboard_interaction",
        "Action": "Using the keyboard, GHOSTS client will be instructed to run a .exe file within a command prompt."
    },
    {
        "Task": "PowerShell_scripts",
        "Action": "UET client executes the batch script "
    },
    {
        "Task": "Microsoft_Word",
        "Action": "Create a new word document ( .doc, .docx) "
    },
    {
        "Task": "Video_stream",
        "Action": "Open the network video file. "
    },
    {
        "Task": "SSH_interaction",
        "Action": "Disconnect the remote server connection."
    },
    {
        "Task": "RDP_interaction_Linux",
        "Action": "Open Bash.  "
    },
    {
        "Task": "User_Logout",
        "Action": "Alternatively, Press CTRL+ALT+DEL to signout from the session "
    },
    {
        "Task": "PDF_Handler",
        "Action": "Create a new PDF file(.pdf) by converting word document into PDF format."
    },
    {
        "Task": "Chat_Client",
        "Action": "Select multiple users  to add to chat window."
    },
    {
        "Task": "User_Unlock",
        "Action": "Press the ENTER button on the Keyboard"
    },
    {
        "Task": "Admin_Updates",
        "Action": "Scan the server for available updates."
    },
    {
        "Task": "PDF_Handler",
        "Action": "Open the PDF file using Adobe Acrobat reader.     "
    },
    {
        "Task": "RDP_interaction_Windows",
        "Action": "Close that program/file and exit the session"
    },
    {
        "Task": "Admin_Active_Directory_LINUX",
        "Action": "Check to see that user profile has no permission to delete a user from a group."
    },
    {
        "Task": "IE_Browser",
        "Action": "Save the downloaded files to network/home drive"
    },
    {
        "Task": "Microsoft_Word",
        "Action": "Delete selected word files. "
    },
    {
        "Task": "SSH_interaction",
        "Action": "Disconnect the remote server connection."
    },
    {
        "Task": "Home_drive",
        "Action": "Open the file and modify the file"
    },
    {
        "Task": "Audio_stream",
        "Action": "Open the network audio file."
    },
    {
        "Task": "IE_Browser",
        "Action": "Type customised text in the search tab.    "
    },
    {
        "Task": "IE_Browser",
        "Action": "Click on the links provided to navigate on the web page "
    },
    {
        "Task": "DNS_interaction",
        "Action": "Check name resolution for that domain name"
    },
    {
        "Task": "Bash_scripts",
        "Action": "UET client checks for the existence of file in bash by using\u00a0\u2018-e\u2019\u00a0or\u00a0\u2018-f \u2019\u00a0option"
    },
    {
        "Task": "Firefox_Browser",
        "Action": "Click on the links provided to navigate on the web page "
    },
    {
        "Task": "RDP_interaction_Linux",
        "Action": "Open a program, access a file."
    }
]