[
    {
        "Task": "User_Unlock",
        "Action": "Press the CTRL+ALT+DEL to UNLOCK the screen.                                                                                                                                                   "
    },
    {
        "Task": "Keyboard_interaction",
        "Action": "Open a excel file in Nautilus.   "
    },
    {
        "Task": "RDP_interaction_Windows",
        "Action": "Open command prompt.  "
    },
    {
        "Task": "IE_Browser",
        "Action": "Save the downloaded files to network/home drive"
    },
    {
        "Task": "DNS_interaction",
        "Action": "Check name resolution for that domain name"
    },
    {
        "Task": "Microsoft_Excel",
        "Action": "Select some cells and format as a table."
    },
    {
        "Task": "Chat_Client",
        "Action": "Select multiple users  to add to chat window."
    },
    {
        "Task": "DHCP_interaction",
        "Action": "Add DHCP (option 9) to an existing scope. "
    },
    {
        "Task": "Microsoft_PowerPoint",
        "Action": "Create a new PowerPoint slides (.ppt, .pptx)"
    },
    {
        "Task": "Admin_Updates",
        "Action": "Scan system for installed updates. "
    },
    {
        "Task": "Admin_Updates",
        "Action": "Scan the server for available updates."
    },
    {
        "Task": "Bash_scripts",
        "Action": "UET client modifies the text in order to customise certain tasks.  "
    },
    {
        "Task": "Admin_Active_Directory_LINUX",
        "Action": "Delete the user and search the user again to see if the user no longer exists within LDAP server account.   "
    },
    {
        "Task": "Microsoft_Excel",
        "Action": "Modify the Excel files by typing in some random text."
    },
    {
        "Task": "Microsoft_Excel",
        "Action": "Select a particular cell and add styling "
    },
    {
        "Task": "Video_stream",
        "Action": "Open a web browser and access YouTube videos."
    },
    {
        "Task": "Outlook_mail",
        "Action": "Download files/attachments by selecting the attachments within the mail."
    },
    {
        "Task": "Bash_scripts",
        "Action": "UET client runs a Bash script for Linux."
    },
    {
        "Task": "All_Admin_tasks",
        "Action": "Enter the URL . "
    },
    {
        "Task": "All_Admin_tasks",
        "Action": "Delete Word, Excel, PowerPoint, text and PDF files."
    },
    {
        "Task": "Keyboard_interaction",
        "Action": "Open a log file in windows explorer  "
    },
    {
        "Task": "Video_stream",
        "Action": "Select the video file (.MP4, .MKV,.FLV.AVI)."
    },
    {
        "Task": "Interrupt",
        "Action": "Interrupt the action for  5min                                                                                                                           "
    },
    {
        "Task": "Admin_Active_Directory_Windows OS   ",
        "Action": "Open the specific group to check that user profile has the business phone number assigned.  "
    },
    {
        "Task": "Ping_hosts",
        "Action": "To have UET issue ping command in Windows OS."
    },
    {
        "Task": "IE_Browser",
        "Action": "Open the IE browser.                                                                                                                                                                                                                                                          "
    },
    {
        "Task": "Admin_Active_Directory_LINUX",
        "Action": "Open the specific group to check that user profile has the business phone number assigned. "
    },
    {
        "Task": "Microsoft_Word",
        "Action": "Create a new word document ( .doc, .docx) "
    },
    {
        "Task": "User_Unlock",
        "Action": "Press the ENTER button on the Keyboard"
    },
    {
        "Task": "Scheduled_tasks",
        "Action": "Schedule a task for 30sec in future and check whether the scheduled task runs after 30sec in future."
    },
    {
        "Task": "Chrome_Browser",
        "Action": "Type in the URL \"www.msn.com\" "
    },
    {
        "Task": "Event_logs",
        "Action": "Admin user saves the .txt file to a location A in network drive."
    },
    {
        "Task": "All_Admin_tasks",
        "Action": "Type text in the search tab"
    },
    {
        "Task": "Telnet_interaction_Windows",
        "Action": "Open Telnet with some remote server. "
    },
    {
        "Task": "Microsoft_Excel",
        "Action": "Select a particular cell and change the fonts."
    },
    {
        "Task": "Keyboard_interaction",
        "Action": "Using the keyboard, GHOSTS will be instructed to run a .exe file within Shell."
    },
    {
        "Task": "DNS_interaction",
        "Action": "Delete the record and ensure that domain name no longer exists"
    },
    {
        "Task": "DNS_interaction",
        "Action": "Create an A record for a dummy domain and assign an IP."
    },
    {
        "Task": "DNS_interaction",
        "Action": "Create an A record for a dummy domain and assign an IP."
    },
    {
        "Task": "Microsoft_PowerPoint",
        "Action": "Open a PowerPoint slides.  "
    },
    {
        "Task": "Keyboard_interaction",
        "Action": "Open a excel file in windows explorer.    "
    },
    {
        "Task": "Execute_Admin_applications",
        "Action": "Admin User run the installed application by typing in their privileges in Windows OS ."
    },
    {
        "Task": "User_Lock",
        "Action": "Press the LOCK button under the Start Menu .                                         "
    },
    {
        "Task": "PDF_Handler",
        "Action": "Save the PDF file into network/home drive."
    },
    {
        "Task": "Microsoft_PowerPoint",
        "Action": "Modify the PowerPoint files by typing in text,  change the layout, format the background of slide, insert a arrow/shapes. "
    },
    {
        "Task": "Microsoft_Excel",
        "Action": "Delete selected Excel files. "
    },
    {
        "Task": "Admin_Active_Directory_Windows OS   ",
        "Action": "Modify the permissions assigned to the user previously and remove the 'Delete' privilege.   "
    },
    {
        "Task": "Admin_Active_Directory_LINUX",
        "Action": "Check to see that user profile has no permission to delete a user from a group."
    },
    {
        "Task": "All_Admin_tasks",
        "Action": "Modify the Word , Excel, PowerPoint, text and PDF files. "
    },
    {
        "Task": "Mouse_interaction",
        "Action": "Create test harness GUI application with 9 buttons. GHOSTS will  be instructed to press buttons in a specific order using a mouse. "
    },
    {
        "Task": "Outlook_mail",
        "Action": "Delete mail by selecting the mail and pressing DELETE."
    },
    {
        "Task": "Video_stream",
        "Action": "Close the video file window"
    },
    {
        "Task": "Chrome_Browser",
        "Action": "Type customised text in the search tab.    "
    },
    {
        "Task": "SSH_interaction",
        "Action": "Open SSH with some remote server."
    },
    {
        "Task": "Execute_Admin_applications",
        "Action": "Admin user install an application from web browser in Windows OS."
    },
    {
        "Task": "Mouse_interaction",
        "Action": "Open a start up menu and open a word file using mouse operation.       "
    },
    {
        "Task": "All_Admin_tasks",
        "Action": "Open the Word , Excel, PowerPoint, text and PDF files.  "
    },
    {
        "Task": "PowerShell_scripts",
        "Action": "UET client uses the Run Scripts functionality to perform the automation of repetitive jobs. "
    },
    {
        "Task": "Admin_Active_Directory_Windows OS   ",
        "Action": "Create a user in Active directory."
    },
    {
        "Task": "Firefox_Browser",
        "Action": "Click on the links provided to navigate on the web page "
    },
    {
        "Task": "Telnet_interaction_Windows",
        "Action": "Disconnect the remote server connection"
    },
    {
        "Task": "Admin_Active_Directory_Windows OS   ",
        "Action": "Modify the permissions assigned to a user profile in a group  to open directory."
    },
    {
        "Task": "Chat_Client",
        "Action": "Provide the response to other user by typing in the chat window."
    },
    {
        "Task": "Microsoft_Word",
        "Action": "Delete selected word files. "
    },
    {
        "Task": "All_Admin_tasks",
        "Action": "Open any of the web browser ( e.g. Chrome, IE or Firefox) "
    },
    {
        "Task": "Microsoft_Word",
        "Action": "Open a word document ."
    },
    {
        "Task": "Keyboard_interaction",
        "Action": "Open a log file in Nautilus.   "
    },
    {
        "Task": "Firefox_Browser",
        "Action": "Open the FIREFOX browser.                                                                                                                                                                                                                                                          "
    },
    {
        "Task": "PDF_Handler",
        "Action": "Open the PDF file using Adobe Acrobat reader.     "
    },
    {
        "Task": "Admin_Active_Directory_Windows OS   ",
        "Action": "Assign permissions to the user."
    },
    {
        "Task": "Outlook_mail",
        "Action": "Create a mail by selecting New Email tab"
    },
    {
        "Task": "IE_Browser",
        "Action": "Type in the URL \"www.target.com\" "
    },
    {
        "Task": "Execute_Admin_applications",
        "Action": "Admin user install an application from web browser in Linux. "
    },
    {
        "Task": "Scheduled_tasks",
        "Action": " Reschedule the task for another 30sec in future."
    },
    {
        "Task": "Event_logs",
        "Action": "Admin user captures the system changes data and analyses it. "
    },
    {
        "Task": "DHCP_interaction",
        "Action": "Check that option was included in that information.     "
    },
    {
        "Task": "Chat_Client",
        "Action": "Run the downloaded exe.file within the chat window."
    },
    {
        "Task": "Outlook_mail",
        "Action": "Select downloaded file and run the file "
    },
    {
        "Task": "Microsoft_PowerPoint",
        "Action": "Save the PowerPoint file to network/home drive. "
    },
    {
        "Task": "Shell_commands",
        "Action": "UET client executes a Shell script which runs for every 5 minutes and checks the last occurrence of service restart"
    },
    {
        "Task": "All_Admin_tasks",
        "Action": "Create Word , Excel, PowerPoint, text and PDF files."
    },
    {
        "Task": "RDP_interaction_Windows",
        "Action": "Open a program, access a file."
    },
    {
        "Task": "DHCP_interaction",
        "Action": "Run DHCP client and receive configuration information"
    },
    {
        "Task": "User_Login ",
        "Action": "Enter the 'Password' for the User . "
    },
    {
        "Task": "Scheduled_tasks",
        "Action": "Delete that task after 10sec."
    },
    {
        "Task": "Chat_Client",
        "Action": "Select multiple users  to add to chat window."
    },
    {
        "Task": "Home_drive",
        "Action": "Delete the file from home drive 'location B'."
    },
    {
        "Task": "PowerShell_scripts",
        "Action": "UET client creates a batch script (.bat) with a list of several commands using a Notepad++.    "
    },
    {
        "Task": "Home_drive",
        "Action": "Create a file in a home drive 'location A'."
    },
    {
        "Task": "Bash_scripts",
        "Action": "Create a file named, \u2018mail_example.sh\u2019. "
    },
    {
        "Task": "PDF_Handler",
        "Action": "Create a new PDF file(.pdf) by converting word document into PDF format."
    },
    {
        "Task": "Outlook_mail",
        "Action": "Respond to the mail by selecting REPLY. "
    },
    {
        "Task": "Admin_Active_Directory_Windows OS   ",
        "Action": "Delete the user and search the user again to see if the user no longer exists in Active directory."
    },
    {
        "Task": "Microsoft_Excel",
        "Action": "Save the Excel file to network/ home drive. "
    },
    {
        "Task": "Chat_Client",
        "Action": "Save the downloaded files to network/home drive"
    },
    {
        "Task": "Shell_commands",
        "Action": "Admin user specifies file systems or directories to backup in the Shell script."
    },
    {
        "Task": "DHCP_interaction",
        "Action": "Run DHCP client and receive configuration information."
    },
    {
        "Task": "DNS_interaction",
        "Action": "Check name resolution for that domain name."
    },
    {
        "Task": "Firefox_Browser",
        "Action": "Save the downloaded files to network/home drive"
    },
    {
        "Task": "All_Admin_tasks",
        "Action": "Admin user can modify the time and choose another time if they wish to."
    },
    {
        "Task": "Bash_scripts",
        "Action": " UET client opens bash script file"
    },
    {
        "Task": "DHCP_interaction",
        "Action": "Delete that option from DHCP scope created earlier."
    },
    {
        "Task": "Ping_hosts",
        "Action": "To have UET issue ping command in Linux.   "
    },
    {
        "Task": "Video_stream",
        "Action": "Close the YouTube browser"
    },
    {
        "Task": "PowerShell_scripts",
        "Action": "UET client executes the batch script "
    },
    {
        "Task": "Admin_Active_Directory_Windows OS   ",
        "Action": "Search the directory to see if user exists.    "
    },
    {
        "Task": "DHCP_interaction",
        "Action": "Run the client again and check the received information doesn\u2019t include (option 9).   "
    },
    {
        "Task": "Audio_stream",
        "Action": "Select the audio file to play (.MP3, mpeg-4, .wav,.WMA)."
    },
    {
        "Task": "Outlook_mail",
        "Action": "Open the outlook mail.                                                                                                                                   "
    },
    {
        "Task": "Audio_stream",
        "Action": "Open the network audio file."
    },
    {
        "Task": "Chrome_Browser",
        "Action": "Click on HTTP/HTTPS to download the files.   "
    },
    {
        "Task": "Keyboard_interaction",
        "Action": "Using the keyboard, GHOSTS client will be instructed to run a .exe file within a command prompt."
    },
    {
        "Task": "PDF_Handler",
        "Action": "Move the PDF file from location A to location B on network/home drive."
    },
    {
        "Task": "SSH_interaction",
        "Action": "Create a file and check if the file exists.    "
    },
    {
        "Task": "Video_stream",
        "Action": "Open the network video file. "
    },
    {
        "Task": "Shell_commands",
        "Action": "Scripts contain Bourne shell commands and text. "
    },
    {
        "Task": "SSH_interaction",
        "Action": "Create a file and check if the file exists.    "
    },
    {
        "Task": "PowerShell_scripts",
        "Action": "UET client runs a PowerShell script and a batch file."
    },
    {
        "Task": "Admin_Active_Directory_Windows OS   ",
        "Action": "Create a new group of multiple users"
    },
    {
        "Task": "User_Unlock",
        "Action": "Enter the Password .    "
    },
    {
        "Task": "Home_drive",
        "Action": "Save the file and move it to another 'location B' on home drive.          "
    },
    {
        "Task": "Admin_Active_Directory_Windows OS   ",
        "Action": "Add user to specific group and search the group to see if user exists and set a business phone number."
    },
    {
        "Task": "Admin_Active_Directory_Windows OS   ",
        "Action": "Check to see that user profile has no permission to delete a user from a group.  "
    },
    {
        "Task": "PDF_Handler",
        "Action": "Modify the pdf files by using edit tab and type in the text. "
    },
    {
        "Task": "DNS_interaction",
        "Action": "Delete the record and ensure that domain name no longer exists. "
    },
    {
        "Task": "Chat_Client",
        "Action": "Select any user and type text in the chat window. "
    },
    {
        "Task": "Network_drive",
        "Action": "Create a file in a network drive 'location A'."
    },
    {
        "Task": "Telnet_interaction_Windows",
        "Action": "Create a file and check if the file exists "
    },
    {
        "Task": "SSH_interaction",
        "Action": "Disconnect the remote server connection."
    },
    {
        "Task": "RDP_interaction_Linux",
        "Action": "Open Bash.  "
    },
    {
        "Task": "IE_Browser",
        "Action": "Click on the links provided to navigate on the web page "
    },
    {
        "Task": "Firefox_Browser",
        "Action": "Type in the URL \"www.google.com\" "
    },
    {
        "Task": "Firefox_Browser",
        "Action": "Type customised text in the search tab.    "
    },
    {
        "Task": "PowerShell_scripts",
        "Action": "UET client creates and edits the PowerShell scripts for use with Configuration Manager.  "
    },
    {
        "Task": "Chat_Client",
        "Action": "Add in the files and send them to selected users inside the chat window."
    },
    {
        "Task": "Event_logs",
        "Action": "Admin User analyses the device changes.  "
    },
    {
        "Task": "Event_logs",
        "Action": "Open up a event/system log files from windows system."
    },
    {
        "Task": "Outlook_mail",
        "Action": "Forward mails to single/multiple users by selecting FORWARD."
    },
    {
        "Task": "Microsoft_Excel",
        "Action": "Create a new Excel  file(.xls, .xlsx)"
    },
    {
        "Task": "Interrupt",
        "Action": "Interrrupt the action for 10min          "
    },
    {
        "Task": "Admin_Active_Directory_LINUX",
        "Action": "Add user to specific group and search the group to see if user exists and set a business phone number. "
    },
    {
        "Task": "Microsoft_Excel",
        "Action": "Move a Excel file from location A to location B on network drive."
    },
    {
        "Task": "RDP_interaction_Windows",
        "Action": "Open RDP."
    },
    {
        "Task": "Chat_Client",
        "Action": "Group  multiple users into one group who then receive same response at same time."
    },
    {
        "Task": "Microsoft_Word",
        "Action": "Select a paragraph in the word to make it bold  "
    },
    {
        "Task": "DNS_interaction",
        "Action": "Check to verify that the modifications are applied to DNS records."
    },
    {
        "Task": "RDP_interaction_Windows",
        "Action": "Close that program/file and exit the session"
    },
    {
        "Task": "Microsoft_PowerPoint",
        "Action": "Move a PowerPoint slides from location A to location B on network drive.  "
    },
    {
        "Task": "Outlook_mail",
        "Action": "Select any random mail to view.        "
    },
    {
        "Task": "Firefox_Browser",
        "Action": "Click on HTTP/HTTPS to download the files.   "
    },
    {
        "Task": "User_Login ",
        "Action": "Enter the 'Username' of the User  "
    },
    {
        "Task": "Telnet_interaction_Linux",
        "Action": "Disconnect the remote server connection"
    },
    {
        "Task": "Shell_commands",
        "Action": "Send an email to notify the administrator after the shell script has been executed"
    },
    {
        "Task": "IE_Browser",
        "Action": "Type customised text in the search tab.    "
    },
    {
        "Task": "Keyboard_interaction",
        "Action": "Exit from the session"
    },
    {
        "Task": "Ping_hosts",
        "Action": "ECHO response back if host is responding in Windows OS."
    },
    {
        "Task": "Chrome_Browser",
        "Action": "Save the downloaded files to network/home drive"
    },
    {
        "Task": "Bash_scripts",
        "Action": "UET client then sends an email by using \u2018mail\u2019 or \u2018sendmail\u2019 command"
    },
    {
        "Task": "DNS_interaction",
        "Action": "Create an A record for a dummy domain and assign an IP."
    }
]