[
    {
        "Task": "Telnet_interaction_Linux",
        "Action": "Disconnect the remote server connection"
    },
    {
        "Task": "Microsoft_Excel",
        "Action": "Select some cells and format as a table."
    },
    {
        "Task": "DNS_interaction",
        "Action": "Create an A record for a dummy domain and assign an IP."
    },
    {
        "Task": "Admin_Active_Directory_Windows OS   ",
        "Action": "Create a new group of multiple users"
    },
    {
        "Task": "Scheduled_tasks",
        "Action": " Reschedule the task for another 30sec in future."
    },
    {
        "Task": "All_Admin_tasks",
        "Action": "Open any of the web browser ( e.g. Chrome, IE or Firefox) "
    },
    {
        "Task": "DHCP_interaction",
        "Action": "Add DHCP (option 9) to an existing scope. "
    },
    {
        "Task": "Admin_Active_Directory_Windows OS   ",
        "Action": "Check to see that user profile has no permission to delete a user from a group.  "
    },
    {
        "Task": "DHCP_interaction",
        "Action": "Run DHCP client and receive configuration information."
    },
    {
        "Task": "Ping_hosts",
        "Action": "ECHO response back if host is responding in Windows OS."
    },
    {
        "Task": "All_Admin_tasks",
        "Action": "Admin user sets a time period for task 'A' to be installed or executed"
    },
    {
        "Task": "Execute_Admin_applications",
        "Action": "Admin User run the installed application by typing in their privileges in Linux"
    },
    {
        "Task": "Microsoft_Excel",
        "Action": "Select a particular cell and add styling "
    },
    {
        "Task": "All_Admin_tasks",
        "Action": "User closes the web browsers."
    },
    {
        "Task": "Outlook_mail",
        "Action": "Save the downloaded attachments to the network/home drive"
    },
    {
        "Task": "User_Unlock",
        "Action": "Press the ENTER button on the Keyboard"
    },
    {
        "Task": "Microsoft_PowerPoint",
        "Action": "Create a new PowerPoint slides (.ppt, .pptx)"
    },
    {
        "Task": "PowerShell_scripts",
        "Action": "UET client executes the batch script "
    },
    {
        "Task": "Video_stream",
        "Action": "Open a web browser and access YouTube videos."
    },
    {
        "Task": "Microsoft_Excel",
        "Action": "Move a Excel file from location A to location B on network drive."
    },
    {
        "Task": "IE_Browser",
        "Action": "Open the IE browser.                                                                                                                                                                                                                                                          "
    },
    {
        "Task": "Admin_Active_Directory_LINUX",
        "Action": "Check to see that user profile has no permission to delete a user from a group."
    },
    {
        "Task": "Admin_Active_Directory_Windows OS   ",
        "Action": "Check to see that user profile has permission to access the files within a directory.   "
    },
    {
        "Task": "RDP_interaction_Linux",
        "Action": "Open RDP."
    },
    {
        "Task": "Admin_Active_Directory_LINUX",
        "Action": "Delete the user and search the user again to see if the user no longer exists within LDAP server account.   "
    },
    {
        "Task": "Firefox_Browser",
        "Action": "Click on HTTP/HTTPS to download the files.   "
    },
    {
        "Task": "Outlook_mail",
        "Action": "Respond to the mail by selecting REPLY. "
    },
    {
        "Task": "RDP_interaction_Windows",
        "Action": "Open RDP."
    },
    {
        "Task": "Video_stream",
        "Action": "Close the video file window"
    },
    {
        "Task": "Keyboard_interaction",
        "Action": "Open a excel file in windows explorer.    "
    },
    {
        "Task": "RDP_interaction_Windows",
        "Action": "Open command prompt.  "
    },
    {
        "Task": "Bash_scripts",
        "Action": "UET client then sends an email by using \u2018mail\u2019 or \u2018sendmail\u2019 command"
    },
    {
        "Task": "Admin_Active_Directory_Windows OS   ",
        "Action": "Open the specific group to check that user profile has the business phone number assigned.  "
    },
    {
        "Task": "PowerShell_scripts",
        "Action": "UET client creates and edits the PowerShell scripts for use with Configuration Manager.  "
    },
    {
        "Task": "Bash_scripts",
        "Action": "UET client modifies the text in order to customise certain tasks.  "
    },
    {
        "Task": "All_Admin_tasks",
        "Action": "Type text in the search tab"
    },
    {
        "Task": "All_Admin_tasks",
        "Action": "Create Word , Excel, PowerPoint, text and PDF files."
    },
    {
        "Task": "Chat_Client",
        "Action": "Add in the files and send them to selected users inside the chat window."
    },
    {
        "Task": "Microsoft_Excel",
        "Action": "Create a new Excel  file(.xls, .xlsx)"
    },
    {
        "Task": "Bash_scripts",
        "Action": "UET client runs a Bash script for Linux."
    },
    {
        "Task": "Chat_Client",
        "Action": "Select multiple users  to add to chat window."
    },
    {
        "Task": "Shell_commands",
        "Action": "Send an email to notify the administrator after the shell script has been executed"
    },
    {
        "Task": "IE_Browser",
        "Action": "Click on the links provided to navigate on the web page "
    },
    {
        "Task": "Firefox_Browser",
        "Action": "Type in the URL \"www.google.com\" "
    },
    {
        "Task": "Execute_Admin_applications",
        "Action": "Admin User run the installed application by typing in their privileges in Windows OS ."
    },
    {
        "Task": "Bash_scripts",
        "Action": "UET client executes the customised task using bash. "
    },
    {
        "Task": "Chat_Client",
        "Action": "Group  multiple users into one group who then receive same response at same time."
    },
    {
        "Task": "User_Lock",
        "Action": "Alternatively, Press CTRL+ALT+DEL to LOCK the screen."
    },
    {
        "Task": "Microsoft_Excel",
        "Action": "Open a Excel file .   "
    },
    {
        "Task": "User_Login ",
        "Action": "Enter the 'Username' of the User  "
    },
    {
        "Task": "SSH_interaction",
        "Action": "Disconnect the remote server connection."
    },
    {
        "Task": "Audio_stream",
        "Action": "Close the audio file window.  "
    },
    {
        "Task": "Network_drive",
        "Action": "Delete the file from network drive 'location B'."
    },
    {
        "Task": "Firefox_Browser",
        "Action": "Type customised text in the search tab.    "
    },
    {
        "Task": "DNS_interaction",
        "Action": "Create an A record for a dummy domain and assign an IP."
    },
    {
        "Task": "PowerShell_scripts",
        "Action": "UET client confirms to see the output of each command that is executed in a Command Prompt."
    },
    {
        "Task": "Ping_hosts",
        "Action": "ECHO response back if host is responding in Linux."
    },
    {
        "Task": "Keyboard_interaction",
        "Action": "Exit from the session"
    },
    {
        "Task": "Keyboard_interaction",
        "Action": "Open a log file in windows explorer  "
    },
    {
        "Task": "User_Login ",
        "Action": "Open the login interface on the VM .                                                                           "
    },
    {
        "Task": "All_Admin_tasks",
        "Action": "Enter the URL . "
    },
    {
        "Task": "SSH_interaction",
        "Action": "Create a file and check if the file exists.    "
    },
    {
        "Task": "SSH_interaction",
        "Action": "Create a file and check if the file exists.    "
    },
    {
        "Task": "Outlook_mail",
        "Action": "Forward mails to single/multiple users by selecting FORWARD."
    },
    {
        "Task": "Chrome_Browser",
        "Action": "Type in the URL \"www.msn.com\" "
    },
    {
        "Task": "Network_drive",
        "Action": "Save the file and move it to another 'location B' on network drive.  "
    },
    {
        "Task": "Microsoft_Excel",
        "Action": "Select a particular cell and change the fonts."
    },
    {
        "Task": "RDP_interaction_Linux",
        "Action": "Close that program/file and exit the session"
    },
    {
        "Task": "Bash_scripts",
        "Action": "UET client checks for the existence of file in bash by using\u00a0\u2018-e\u2019\u00a0or\u00a0\u2018-f \u2019\u00a0option"
    },
    {
        "Task": "RDP_interaction_Windows",
        "Action": "Open a program, access a file."
    },
    {
        "Task": "PDF_Handler",
        "Action": "Save the PDF file into network/home drive."
    },
    {
        "Task": "Telnet_interaction_Windows",
        "Action": "Open Telnet with some remote server. "
    },
    {
        "Task": "DNS_interaction",
        "Action": "Create an A record for a dummy domain and assign an IP."
    },
    {
        "Task": "Shell_commands",
        "Action": "UET client executes a detailed log of the backup, along with an option to send an abbreviated email summary of the backup to the administrator. "
    },
    {
        "Task": "Mouse_interaction",
        "Action": "Create test harness GUI application with 9 buttons. GHOSTS will  be instructed to press buttons in a specific order using a mouse. "
    },
    {
        "Task": "DNS_interaction",
        "Action": "Delete the record and ensure that domain name no longer exists. "
    },
    {
        "Task": "DHCP_interaction",
        "Action": "Modify previously created DHCP scope by adding new option. "
    },
    {
        "Task": "Microsoft_Word",
        "Action": "Create a new word document ( .doc, .docx) "
    },
    {
        "Task": "Shell_commands",
        "Action": "Admin user specifies file systems or directories to backup in the Shell script."
    },
    {
        "Task": "All_Admin_tasks",
        "Action": "Click on the links on web browser."
    },
    {
        "Task": "SSH_interaction",
        "Action": "Open SSH with some remote server."
    },
    {
        "Task": "PDF_Handler",
        "Action": "Open the PDF file using Adobe Acrobat reader.     "
    },
    {
        "Task": "Chat_Client",
        "Action": "Run the downloaded exe.file within the chat window."
    },
    {
        "Task": "Chat_Client",
        "Action": "Save the downloaded files to network/home drive"
    },
    {
        "Task": "Video_stream",
        "Action": "Close the YouTube browser"
    },
    {
        "Task": "Mouse_interaction",
        "Action": "Create test harness GUI application with 9 buttons. GHOSTS will  be instructed to press buttons in a specific order using a mouse in Nautilus."
    },
    {
        "Task": "All_Admin_tasks",
        "Action": "Admin user can modify the time and choose another time if they wish to."
    },
    {
        "Task": "Admin_Active_Directory_Windows OS   ",
        "Action": "Modify the permissions assigned to the user previously and remove the 'Delete' privilege.   "
    },
    {
        "Task": "Outlook_mail",
        "Action": "Create a mail by selecting New Email tab"
    },
    {
        "Task": "Microsoft_PowerPoint",
        "Action": "Save the PowerPoint file to network/home drive. "
    },
    {
        "Task": "DHCP_interaction",
        "Action": "Check that option was included in that information.     "
    },
    {
        "Task": "All_Admin_tasks",
        "Action": "Open the Word , Excel, PowerPoint, text and PDF files.  "
    },
    {
        "Task": "Mouse_interaction",
        "Action": "Open a start up menu and open a word file using mouse operation.       "
    },
    {
        "Task": "Firefox_Browser",
        "Action": "Open the FIREFOX browser.                                                                                                                                                                                                                                                          "
    },
    {
        "Task": "Microsoft_Excel",
        "Action": "Save the Excel file to network/ home drive. "
    },
    {
        "Task": "Microsoft_Word",
        "Action": "Move a word document from location A to location B on network drive"
    },
    {
        "Task": "RDP_interaction_Windows",
        "Action": "Close that program/file and exit the session"
    },
    {
        "Task": "Telnet_interaction_Linux",
        "Action": "Open Telnet with some remote server. "
    },
    {
        "Task": "Microsoft_Excel",
        "Action": "Delete selected Excel files. "
    },
    {
        "Task": "Admin_Updates",
        "Action": "As  .net core doesn't run updates on Ubuntu, install package on APT repository"
    },
    {
        "Task": "User_Logout",
        "Action": "Alternatively, Press CTRL+ALT+DEL to signout from the session "
    },
    {
        "Task": "Microsoft_PowerPoint",
        "Action": "Modify the PowerPoint files by typing in text,  change the layout, format the background of slide, insert a arrow/shapes. "
    },
    {
        "Task": "Admin_Active_Directory_Windows OS   ",
        "Action": "Create a user in Active directory."
    },
    {
        "Task": "User_Login ",
        "Action": "Press the LOGIN button using Mouse or Press ENTER button on the Keyboard to login into the interface"
    },
    {
        "Task": "Outlook_mail",
        "Action": "Delete mail by selecting the mail and pressing DELETE."
    },
    {
        "Task": "Network_drive",
        "Action": "Create a file in a network drive 'location A'."
    },
    {
        "Task": "Interrupt",
        "Action": "Interrrupt the action for 10min          "
    },
    {
        "Task": "Keyboard_interaction",
        "Action": "Exit from the session"
    },
    {
        "Task": "All_Admin_tasks",
        "Action": "Delete Word, Excel, PowerPoint, text and PDF files."
    },
    {
        "Task": "Admin_Active_Directory_LINUX",
        "Action": "Add user to specific group and search the group to see if user exists and set a business phone number. "
    },
    {
        "Task": "Mouse_interaction",
        "Action": "Open a start up menu and open a word file in Nautilus."
    },
    {
        "Task": "Keyboard_interaction",
        "Action": "Open a log file in Nautilus.   "
    },
    {
        "Task": "Event_logs",
        "Action": "Admin user opens up text files in /var/log directory in Linux.  "
    },
    {
        "Task": "PDF_Handler",
        "Action": "Delete the selected PDF files."
    },
    {
        "Task": "Admin_Active_Directory_Windows OS   ",
        "Action": "Delete the user and search the user again to see if the user no longer exists in Active directory."
    },
    {
        "Task": "Video_stream",
        "Action": "Select the video file (.MP4, .MKV,.FLV.AVI)."
    },
    {
        "Task": "Microsoft_Word",
        "Action": "Save the word file to network/ home drive."
    },
    {
        "Task": "Chrome_Browser",
        "Action": "Click on the links provided to navigate on the web page "
    },
    {
        "Task": "DNS_interaction",
        "Action": "Check name resolution for that domain name"
    },
    {
        "Task": "PDF_Handler",
        "Action": "Modify the pdf files by using edit tab and type in the text. "
    },
    {
        "Task": "User_Login ",
        "Action": "Enter the 'Password' for the User . "
    },
    {
        "Task": "Bash_scripts",
        "Action": " UET client opens bash script file"
    },
    {
        "Task": "SSH_interaction",
        "Action": "Open SSH with some remote server. "
    },
    {
        "Task": "SSH_interaction",
        "Action": "Disconnect the remote server connection."
    },
    {
        "Task": "Chrome_Browser",
        "Action": "Type customised text in the search tab.    "
    },
    {
        "Task": "Microsoft_Excel",
        "Action": "Modify the Excel files by typing in some random text."
    },
    {
        "Task": "PDF_Handler",
        "Action": "Create a new PDF file(.pdf) by converting word document into PDF format."
    },
    {
        "Task": "Keyboard_interaction",
        "Action": "Using the keyboard, GHOSTS client will be instructed to run a .exe file within a command prompt."
    },
    {
        "Task": "Video_stream",
        "Action": "Open the network video file. "
    },
    {
        "Task": "Keyboard_interaction",
        "Action": "Using the keyboard, GHOSTS will be instructed to run a .exe file within Shell."
    },
    {
        "Task": "Event_logs",
        "Action": "Admin user saves the .txt file to a location A in network drive."
    },
    {
        "Task": "Home_drive",
        "Action": "Save the file and move it to another 'location B' on home drive.          "
    },
    {
        "Task": "PowerShell_scripts",
        "Action": "UET client uses the Run Scripts functionality to perform the automation of repetitive jobs. "
    },
    {
        "Task": "All_Admin_tasks",
        "Action": " Save the files and move it to another 'location B' on windows explorer.  "
    },
    {
        "Task": "Outlook_mail",
        "Action": "Download files/attachments by selecting the attachments within the mail."
    },
    {
        "Task": "Chrome_Browser",
        "Action": "Save the downloaded files to network/home drive"
    },
    {
        "Task": "Audio_stream",
        "Action": "Open the network audio file."
    },
    {
        "Task": "User_Unlock",
        "Action": "Press the CTRL+ALT+DEL to UNLOCK the screen.                                                                                                                                                   "
    },
    {
        "Task": "Home_drive",
        "Action": "Create a file in a home drive 'location A'."
    },
    {
        "Task": "Execute_Admin_applications",
        "Action": "Admin user install an application from web browser in Windows OS."
    },
    {
        "Task": "Chat_Client",
        "Action": "Select multiple users  to add to chat window."
    },
    {
        "Task": "Network_drive",
        "Action": "Open the file and modify the file.  "
    },
    {
        "Task": "Bash_scripts",
        "Action": "Create a file named, \u2018mail_example.sh\u2019. "
    },
    {
        "Task": "Firefox_Browser",
        "Action": "Click on the links provided to navigate on the web page "
    },
    {
        "Task": "Chrome_Browser",
        "Action": "Open the CHROME browser.                                                                                                                                                                                                                                                          "
    },
    {
        "Task": "Scheduled_tasks",
        "Action": "Schedule a task for 30sec in future and check whether the scheduled task runs after 30sec in future."
    },
    {
        "Task": "DHCP_interaction",
        "Action": "Run DHCP client and receive configuration information"
    },
    {
        "Task": "Chat_Client",
        "Action": "Select any user and type text in the chat window. "
    },
    {
        "Task": "Admin_Active_Directory_LINUX",
        "Action": "Open the specific group to check that user profile has the business phone number assigned. "
    },
    {
        "Task": "Admin_Active_Directory_Windows OS   ",
        "Action": "Add user to specific group and search the group to see if user exists and set a business phone number."
    },
    {
        "Task": "Audio_stream",
        "Action": "Select the audio file to play (.MP3, mpeg-4, .wav,.WMA)."
    },
    {
        "Task": "Chat_Client",
        "Action": "Select a chat application using Start menu."
    },
    {
        "Task": "Admin_Updates",
        "Action": "Scan system for installed updates. "
    },
    {
        "Task": "Keyboard_interaction",
        "Action": "Open a excel file in Nautilus.   "
    },
    {
        "Task": "RDP_interaction_Linux",
        "Action": "Open a program, access a file."
    },
    {
        "Task": "Shell_commands",
        "Action": "Scripts contain Bourne shell commands and text. "
    },
    {
        "Task": "Microsoft_Word",
        "Action": "Modify the word files by typing in text /changing fonts/creating a table/add styling."
    },
    {
        "Task": "PowerShell_scripts",
        "Action": "UET client runs a PowerShell script and a batch file."
    },
    {
        "Task": "Telnet_interaction_Linux",
        "Action": "Create a file and check if the file exists "
    },
    {
        "Task": "Telnet_interaction_Windows",
        "Action": "Disconnect the remote server connection"
    },
    {
        "Task": "Chrome_Browser",
        "Action": "Click on HTTP/HTTPS to download the files.   "
    },
    {
        "Task": "DNS_interaction",
        "Action": "Check name resolution for that domain name."
    },
    {
        "Task": "Event_logs",
        "Action": "Open up a event/system log files from windows system."
    },
    {
        "Task": "Chat_Client",
        "Action": "Select single/multiple users to send the files (.doc,.docx,.ppt,.pptx,.xls,.xlsx, txt) "
    },
    {
        "Task": "Chat_Client",
        "Action": "Provide the response to other user by typing in the chat window."
    }
]