[
    {
        "Task": "Chrome_Browser",
        "Action": "Save the downloaded files to network/home drive"
    },
    {
        "Task": "PowerShell_scripts",
        "Action": "UET client creates and edits the PowerShell scripts for use with Configuration Manager.  "
    },
    {
        "Task": "All_Admin_tasks",
        "Action": " Save the files and move it to another 'location B' on windows explorer.  "
    },
    {
        "Task": "PDF_Handler",
        "Action": "Delete the selected PDF files."
    },
    {
        "Task": "Event_logs",
        "Action": "Admin user saves the .txt file to a location A in network drive."
    },
    {
        "Task": "Admin_Updates",
        "Action": "As  .net core doesn't run updates on Ubuntu, install package on APT repository"
    },
    {
        "Task": "Chat_Client",
        "Action": "Add in the files and send them to selected users inside the chat window."
    },
    {
        "Task": "PDF_Handler",
        "Action": "Save the PDF file into network/home drive."
    },
    {
        "Task": "Mouse_interaction",
        "Action": "Open a start up menu and open a word file in Nautilus."
    },
    {
        "Task": "Bash_scripts",
        "Action": "UET client executes the customised task using bash. "
    },
    {
        "Task": "Ping_hosts",
        "Action": "To have UET issue ping command in Windows OS."
    },
    {
        "Task": "DHCP_interaction",
        "Action": "Run the client again and check the received information doesn\u2019t include (option 9).   "
    },
    {
        "Task": "Telnet_interaction_Linux",
        "Action": "Open Telnet with some remote server. "
    },
    {
        "Task": "Shell_commands",
        "Action": "UET client executes a Shell script which runs for every 5 minutes and checks the last occurrence of service restart"
    },
    {
        "Task": "User_Login ",
        "Action": "Enter the 'Username' of the User  "
    },
    {
        "Task": "Microsoft_PowerPoint",
        "Action": "Open a PowerPoint slides.  "
    },
    {
        "Task": "Bash_scripts",
        "Action": "UET client runs a Bash script for Linux."
    },
    {
        "Task": "IE_Browser",
        "Action": "Save the downloaded files to network/home drive"
    },
    {
        "Task": "PDF_Handler",
        "Action": "Create a new PDF file(.pdf) by converting word document into PDF format."
    },
    {
        "Task": "Event_logs",
        "Action": "Open up a event/system log files from windows system."
    },
    {
        "Task": "Telnet_interaction_Linux",
        "Action": "Create a file and check if the file exists "
    },
    {
        "Task": "IE_Browser",
        "Action": "Type in the URL \"www.target.com\" "
    },
    {
        "Task": "Keyboard_interaction",
        "Action": "Open a excel file in Nautilus.   "
    },
    {
        "Task": "Scheduled_tasks",
        "Action": "Wait to ensure the task didn't run."
    },
    {
        "Task": "Chrome_Browser",
        "Action": "Open the CHROME browser.                                                                                                                                                                                                                                                          "
    },
    {
        "Task": "Firefox_Browser",
        "Action": "Click on HTTP/HTTPS to download the files.   "
    },
    {
        "Task": "Admin_Updates",
        "Action": "Remove installed updates.    "
    },
    {
        "Task": "Telnet_interaction_Windows",
        "Action": "Disconnect the remote server connection"
    },
    {
        "Task": "Telnet_interaction_Linux",
        "Action": "Disconnect the remote server connection"
    },
    {
        "Task": "Home_drive",
        "Action": "Save the file and move it to another 'location B' on home drive.          "
    },
    {
        "Task": "Audio_stream",
        "Action": "Close the audio file window.  "
    },
    {
        "Task": "Chat_Client",
        "Action": "Select any user and type text in the chat window. "
    },
    {
        "Task": "Microsoft_PowerPoint",
        "Action": "Move a PowerPoint slides from location A to location B on network drive.  "
    },
    {
        "Task": "Interrupt",
        "Action": "Interrupt the action for  5min                                                                                                                           "
    },
    {
        "Task": "Bash_scripts",
        "Action": "UET client creates a file named, \u2018file_exist.sh. "
    },
    {
        "Task": "Chat_Client",
        "Action": "Select the executable files user wish to download from the chat window. "
    },
    {
        "Task": "User_Unlock",
        "Action": "Press the ENTER button on the Keyboard"
    },
    {
        "Task": "PowerShell_scripts",
        "Action": "UET client creates a batch script (.bat) with a list of several commands using a Notepad++.    "
    },
    {
        "Task": "Admin_Active_Directory_Windows OS   ",
        "Action": "Add user to specific group and search the group to see if user exists and set a business phone number."
    },
    {
        "Task": "Admin_Active_Directory_Windows OS   ",
        "Action": "Check to see that user profile has permission to access the files within a directory.   "
    },
    {
        "Task": "Event_logs",
        "Action": "Admin User analyses the device changes.  "
    },
    {
        "Task": "Chrome_Browser",
        "Action": "Type in the URL \"www.msn.com\" "
    },
    {
        "Task": "Admin_Active_Directory_Windows OS   ",
        "Action": "Modify the permissions assigned to the user previously and remove the 'Delete' privilege.   "
    },
    {
        "Task": "DNS_interaction",
        "Action": "Delete the record and ensure that domain name no longer exists"
    },
    {
        "Task": "User_Logout",
        "Action": "Press the SIGNOUT button under the Start Menu.                                                    "
    },
    {
        "Task": "DHCP_interaction",
        "Action": "Delete that option from DHCP scope created earlier."
    },
    {
        "Task": "Scheduled_tasks",
        "Action": " Reschedule the task for another 30sec in future."
    },
    {
        "Task": "Keyboard_interaction",
        "Action": "Using the keyboard, GHOSTS will be instructed to run a .exe file within Shell."
    },
    {
        "Task": "Admin_Active_Directory_Windows OS   ",
        "Action": "Check to see that user profile has no permission to delete a user from a group.  "
    },
    {
        "Task": "Chat_Client",
        "Action": "Save the downloaded files to network/home drive"
    },
    {
        "Task": "Admin_Active_Directory_Windows OS   ",
        "Action": "Assign permissions to the user."
    },
    {
        "Task": "All_Admin_tasks",
        "Action": "Type text in the search tab"
    },
    {
        "Task": "PowerShell_scripts",
        "Action": "UET client uses the Run Scripts functionality to perform the automation of repetitive jobs. "
    },
    {
        "Task": "Microsoft_Word",
        "Action": "Select a paragraph in the word to make it bold  "
    },
    {
        "Task": "Event_logs",
        "Action": "Admin user captures the system changes data and analyses it. "
    },
    {
        "Task": "Microsoft_Word",
        "Action": "Delete selected word files. "
    },
    {
        "Task": "Execute_Admin_applications",
        "Action": "Admin user install an application from web browser in Linux. "
    },
    {
        "Task": "All_Admin_tasks",
        "Action": "Modify the Word , Excel, PowerPoint, text and PDF files. "
    },
    {
        "Task": "User_Unlock",
        "Action": "Enter the Password .    "
    },
    {
        "Task": "Outlook_mail",
        "Action": "Save the downloaded attachments to the network/home drive"
    },
    {
        "Task": "All_Admin_tasks",
        "Action": "User closes the web browsers."
    },
    {
        "Task": "Network_drive",
        "Action": "Save the file and move it to another 'location B' on network drive.  "
    },
    {
        "Task": "All_Admin_tasks",
        "Action": "Delete Word, Excel, PowerPoint, text and PDF files."
    },
    {
        "Task": "Bash_scripts",
        "Action": "UET client modifies the text in order to customise certain tasks.  "
    },
    {
        "Task": "IE_Browser",
        "Action": "Type customised text in the search tab.    "
    },
    {
        "Task": "Keyboard_interaction",
        "Action": "Exit from the session"
    },
    {
        "Task": "Chrome_Browser",
        "Action": "Type customised text in the search tab.    "
    },
    {
        "Task": "Chat_Client",
        "Action": "Group  multiple users into one group who then receive same response at same time."
    },
    {
        "Task": "Firefox_Browser",
        "Action": "Open the FIREFOX browser.                                                                                                                                                                                                                                                          "
    },
    {
        "Task": "Firefox_Browser",
        "Action": "Type customised text in the search tab.    "
    },
    {
        "Task": "RDP_interaction_Windows",
        "Action": "Open command prompt.  "
    },
    {
        "Task": "Admin_Active_Directory_Windows OS   ",
        "Action": "Modify the permissions assigned to a user profile in a group  to open directory."
    },
    {
        "Task": "Shell_commands",
        "Action": "Send an email to notify the administrator after the shell script has been executed"
    },
    {
        "Task": "Home_drive",
        "Action": "Create a file in a home drive 'location A'."
    },
    {
        "Task": "Admin_Active_Directory_Windows OS   ",
        "Action": "Open the specific group to check that user profile has the business phone number assigned.  "
    },
    {
        "Task": "User_Login ",
        "Action": "Open the login interface on the VM .                                                                           "
    },
    {
        "Task": "Bash_scripts",
        "Action": "Create a file named, \u2018mail_example.sh\u2019. "
    },
    {
        "Task": "Microsoft_Word",
        "Action": "Open a word document ."
    },
    {
        "Task": "RDP_interaction_Windows",
        "Action": "Open a program, access a file."
    },
    {
        "Task": "Keyboard_interaction",
        "Action": "Exit from the session"
    },
    {
        "Task": "DNS_interaction",
        "Action": "Create an A record for a dummy domain and assign an IP."
    },
    {
        "Task": "Execute_Admin_applications",
        "Action": "Admin User run the installed application by typing in their privileges in Windows OS ."
    },
    {
        "Task": "Bash_scripts",
        "Action": " UET client opens bash script file"
    },
    {
        "Task": "Microsoft_Excel",
        "Action": "Create a new Excel  file(.xls, .xlsx)"
    },
    {
        "Task": "All_Admin_tasks",
        "Action": "Click on the links on web browser."
    },
    {
        "Task": "IE_Browser",
        "Action": "Open the IE browser.                                                                                                                                                                                                                                                          "
    },
    {
        "Task": "Microsoft_Excel",
        "Action": "Delete selected Excel files. "
    },
    {
        "Task": "PDF_Handler",
        "Action": "Modify the pdf files by using edit tab and type in the text. "
    },
    {
        "Task": "Scheduled_tasks",
        "Action": "Delete that task after 10sec."
    },
    {
        "Task": "Telnet_interaction_Windows",
        "Action": "Create a file and check if the file exists "
    },
    {
        "Task": "Admin_Active_Directory_Windows OS   ",
        "Action": "Create a user in Active directory."
    },
    {
        "Task": "User_Lock",
        "Action": "Alternatively, Press CTRL+ALT+DEL to LOCK the screen."
    },
    {
        "Task": "Shell_commands",
        "Action": "Scripts contain Bourne shell commands and text. "
    },
    {
        "Task": "Home_drive",
        "Action": "Open the file and modify the file"
    },
    {
        "Task": "RDP_interaction_Windows",
        "Action": "Open RDP."
    },
    {
        "Task": "Microsoft_PowerPoint",
        "Action": "Delete selected PowerPoint files"
    },
    {
        "Task": "User_Lock",
        "Action": "Press the LOCK button under the Start Menu .                                         "
    },
    {
        "Task": "DNS_interaction",
        "Action": "Check to verify that the modifications are applied to DNS records."
    },
    {
        "Task": "All_Admin_tasks",
        "Action": "Create Word , Excel, PowerPoint, text and PDF files."
    },
    {
        "Task": "Microsoft_Word",
        "Action": "Move a word document from location A to location B on network drive"
    },
    {
        "Task": "Chat_Client",
        "Action": "Select multiple users  to add to chat window."
    },
    {
        "Task": "Outlook_mail",
        "Action": "Select any random mail to view.        "
    },
    {
        "Task": "Mouse_interaction",
        "Action": "Create test harness GUI application with 9 buttons. GHOSTS will  be instructed to press buttons in a specific order using a mouse. "
    },
    {
        "Task": "DHCP_interaction",
        "Action": "Run DHCP client and receive configuration information."
    },
    {
        "Task": "RDP_interaction_Linux",
        "Action": "Close that program/file and exit the session"
    },
    {
        "Task": "Admin_Active_Directory_LINUX",
        "Action": "Modify the permissions assigned to the user previously and remove the 'Delete' privilege. "
    },
    {
        "Task": "Chat_Client",
        "Action": "Select a chat application using Start menu."
    },
    {
        "Task": "Video_stream",
        "Action": "Open a web browser and access YouTube videos."
    },
    {
        "Task": "User_Login ",
        "Action": "Press the LOGIN button using Mouse or Press ENTER button on the Keyboard to login into the interface"
    },
    {
        "Task": "Admin_Active_Directory_Windows OS   ",
        "Action": "Check that the user profile has permissions assigned."
    },
    {
        "Task": "Execute_Admin_applications",
        "Action": "Admin user install an application from web browser in Windows OS."
    },
    {
        "Task": "Network_drive",
        "Action": "Delete the file from network drive 'location B'."
    },
    {
        "Task": "Microsoft_Excel",
        "Action": "Select a particular cell and add styling "
    },
    {
        "Task": "Bash_scripts",
        "Action": "UET client then sends an email by using \u2018mail\u2019 or \u2018sendmail\u2019 command"
    },
    {
        "Task": "Microsoft_Excel",
        "Action": "Select some cells and format as a table."
    },
    {
        "Task": "Microsoft_Excel",
        "Action": "Save the Excel file to network/ home drive. "
    },
    {
        "Task": "Microsoft_PowerPoint",
        "Action": "Select a particular paragragh and  change the font sizes"
    },
    {
        "Task": "Keyboard_interaction",
        "Action": "Open a excel file in windows explorer.    "
    },
    {
        "Task": "Network_drive",
        "Action": "Create a file in a network drive 'location A'."
    },
    {
        "Task": "Admin_Updates",
        "Action": "Scan system for installed updates. "
    },
    {
        "Task": "Bash_scripts",
        "Action": "UET client checks for the existence of file in bash by using\u00a0\u2018-e\u2019\u00a0or\u00a0\u2018-f \u2019\u00a0option"
    },
    {
        "Task": "Video_stream",
        "Action": "Open the network video file. "
    },
    {
        "Task": "Interrupt",
        "Action": "Interrrupt the action for 10min          "
    },
    {
        "Task": "SSH_interaction",
        "Action": "Disconnect the remote server connection."
    },
    {
        "Task": "SSH_interaction",
        "Action": "Disconnect the remote server connection."
    },
    {
        "Task": "Outlook_mail",
        "Action": "Create a mail by selecting New Email tab"
    },
    {
        "Task": "IE_Browser",
        "Action": "Click on the links provided to navigate on the web page "
    },
    {
        "Task": "DHCP_interaction",
        "Action": "Add DHCP (option 9) to an existing scope. "
    },
    {
        "Task": "Firefox_Browser",
        "Action": "Save the downloaded files to network/home drive"
    },
    {
        "Task": "Shell_commands",
        "Action": "UET client then executes the request script  by the Bourne shell (sh)."
    },
    {
        "Task": "Outlook_mail",
        "Action": "Select downloaded file and run the file "
    },
    {
        "Task": "Keyboard_interaction",
        "Action": "Using the keyboard, GHOSTS client will be instructed to run a .exe file within a command prompt."
    },
    {
        "Task": "SSH_interaction",
        "Action": "Open SSH with some remote server. "
    },
    {
        "Task": "DNS_interaction",
        "Action": "Check name resolution for that domain name"
    },
    {
        "Task": "IE_Browser",
        "Action": "Click on HTTP/HTTPS to download the files.   "
    },
    {
        "Task": "Chat_Client",
        "Action": "Provide the response to other user by typing in the chat window."
    },
    {
        "Task": "Microsoft_Word",
        "Action": "Create a new word document ( .doc, .docx) "
    },
    {
        "Task": "Ping_hosts",
        "Action": "ECHO response back if host is responding in Linux."
    },
    {
        "Task": "Microsoft_PowerPoint",
        "Action": "Save the PowerPoint file to network/home drive. "
    },
    {
        "Task": "Outlook_mail",
        "Action": "Respond to the mail by selecting REPLY. "
    },
    {
        "Task": "Chat_Client",
        "Action": "Select single/multiple users to send the files (.doc,.docx,.ppt,.pptx,.xls,.xlsx, txt) "
    },
    {
        "Task": "Keyboard_interaction",
        "Action": "Open a log file in windows explorer  "
    },
    {
        "Task": "DNS_interaction",
        "Action": "Create an A record for a dummy domain and assign an IP."
    },
    {
        "Task": "DHCP_interaction",
        "Action": "Run DHCP client and receive configuration information"
    },
    {
        "Task": "PowerShell_scripts",
        "Action": "UET client executes the batch script "
    },
    {
        "Task": "Execute_Admin_applications",
        "Action": "Admin User run the installed application by typing in their privileges in Linux"
    },
    {
        "Task": "Microsoft_Excel",
        "Action": "Move a Excel file from location A to location B on network drive."
    },
    {
        "Task": "Admin_Active_Directory_LINUX",
        "Action": "Open the specific group to check that user profile has the business phone number assigned. "
    },
    {
        "Task": "DNS_interaction",
        "Action": "Delete the record and ensure that domain name no longer exists. "
    },
    {
        "Task": "Firefox_Browser",
        "Action": "Type in the URL \"www.google.com\" "
    },
    {
        "Task": "Microsoft_Word",
        "Action": "Modify the word files by typing in text /changing fonts/creating a table/add styling."
    },
    {
        "Task": "User_Login ",
        "Action": "Enter the 'Password' for the User . "
    },
    {
        "Task": "Video_stream",
        "Action": "Close the YouTube browser"
    },
    {
        "Task": "Ping_hosts",
        "Action": "ECHO response back if host is responding in Windows OS."
    },
    {
        "Task": "Admin_Active_Directory_Windows OS   ",
        "Action": "Search the directory to see if user exists.    "
    }
]